PetID,PetName,Species,Age,Weight,HealthCondition,Vaccinated,LastVaccinationDate
591f5d12-60ae-41d3-9564-f27c293fe6d5,Allen Fox,Dog,1,12.631442509157356,Sick,False,
42ec7d1a-5b18-441c-b100-53e7378c480f,Ryan Sims,Dog,15,25.006859281941487,Sick,False,
d4d1109c-adb7-4191-93ff-7ee0059eec1f,Jay Hogan,Bird,4,6.9231969058449145,Sick,False,2023-07-07
ca1ebb2c-c673-47da-8592-ae6f3276a6b5,Terry Dunn,Dog,8,27.886738374195467,Sick,False,
4bb5b368-0683-465d-a44d-f5cbdbbcb67a,Julie Harris,Bird,12,9.911671639445716,Sick,False,2023-05-20
000400ea-5781-4051-a2d8-d82f70b37023,Barbara George,Bird,3,10.939684402024696,Sick,True,
9d10da12-dce3-4398-af74-b91c7e18353e,Kristi Gray,Bird,1,12.003499985325696,Healthy,True,
3d10d2a7-01d0-4b78-9c72-9f61cc841970,Alexandra Austin,Cat,2,7.379889052224516,Healthy,True,
66db6313-321b-4c5d-bed6-11462bd4ed5e,Morgan Fuentes,Dog,2,3.825852086626083,Sick,True,2023-07-04
f86f90ed-274d-454b-abc7-e2942e0700ba,Amanda Simmons,Dog,5,14.961303087223936,Healthy,True,2023-11-09
2fb5bcd0-397d-4d42-a8aa-d98bb20958fe,Jessica Williams,Cat,6,28.643876713061758,Sick,True,2023-10-20
2aed7cae-27f2-4302-9463-fbf4b9777d23,Paul Allen,Bird,1,4.190993081401497,Healthy,False,2023-07-23
9dd93ef3-9007-4e08-88ed-59a69ad6399e,Hannah Graves,Cat,15,13.069539617424468,Healthy,True,
89fb56a9-6a24-44c0-b68b-ef1e38f127bf,Tammy Warner,Cat,5,14.429159447648924,Sick,True,
ee55e728-1992-499b-9d08-7f0bf71ee886,Margaret Jenkins,Bird,4,9.172629470901997,Healthy,False,2023-06-20
b04f988b-7d2a-49c3-bda2-ded0e0ee3d05,Melvin Thomas,Bird,10,28.748400220068905,Healthy,False,2023-11-01
1f342e5f-ef19-4242-ae64-63a1e4acb778,Rhonda Hooper,Dog,14,3.9282949195939785,Sick,True,
e9993e24-bbb0-4f5e-8b8e-85021cd3c4a5,Alexandra Cardenas DDS,Bird,8,12.37238316285172,Sick,True,
5072f62a-7edc-4ff3-98f2-92267b75818c,Jessica Mendoza,Cat,2,20.10456227722017,Healthy,False,
5ad6aa74-0a4f-49e0-b57e-1b049bf08553,Jacob Wong,Bird,4,28.555651987528048,Healthy,True,
2bfce1cd-fc8f-44ea-b704-0312e1acb40c,Ryan Simpson,Bird,11,18.458271573479163,Healthy,False,
3393f9f9-c330-4c91-a95f-ec2816dbcf88,Jerome Johnson,Dog,6,8.789647998142978,Sick,True,2024-01-15
68bba1e2-3c6b-42a9-bfa5-884762298e33,Amanda Obrien,Dog,15,15.388072528428491,Healthy,False,2023-05-05
9d8490bd-b163-47ce-a39c-cea6b74ba22d,Amy Trevino,Dog,11,13.456416010266794,Healthy,False,2023-12-24
5d565204-2734-411f-bce9-a7c6a7d3188a,Stephen Wu,Dog,12,20.31355951805455,Healthy,False,
30b18cb7-8649-47f6-ae6c-d6980ab5cf44,Kelly Marshall,Dog,5,1.4569163876805298,Healthy,False,2023-07-29
5710fa9f-e852-493d-87c4-0d651312fa9d,Brittney Hayes,Bird,8,15.583945129543542,Healthy,False,2023-12-27
1ea86818-ff0e-4ec2-a752-5817637e4336,Meagan Banks,Bird,4,26.405026428605023,Sick,False,2023-12-03
87476976-ceed-42c2-ba12-1a26064ce878,Jennifer Mclaughlin,Cat,8,23.976615865578893,Healthy,True,2023-04-24
8492b2e3-7ffd-4442-b110-0148381b9cf4,Steven Watkins,Cat,7,27.03911541232769,Healthy,False,2024-01-19
413c3cba-71c0-497c-9756-c663d9275680,Amanda Thomas,Bird,2,1.5667200484030492,Sick,True,2023-09-30
7d76d362-bc0e-4969-ad58-ba9b3b9ff431,Dylan Jimenez,Cat,12,5.731196837853446,Sick,False,
8577f5da-9d95-490b-9c7e-08483e8b2717,Thomas Harper,Cat,15,8.6368491317541,Healthy,False,2023-05-01
67c92349-7b73-4e25-a522-35aa1aaa5d02,Kimberly Moore,Cat,9,7.553242714540915,Sick,True,2023-06-22
deb61bba-d50c-443c-a46f-34da2f7b9fce,Kelly Jones,Cat,4,16.933021090042185,Sick,True,2023-06-27
9c3e7beb-bcb3-4737-b821-1c424cdd6df2,Brian Murphy,Bird,3,12.690059303919442,Healthy,False,2023-04-01
9d37d5a9-0713-4c40-a489-b9bf186e04e8,Daniel Brown,Dog,4,4.886585983718085,Healthy,False,2023-01-28
734a5d8b-a4d7-4e5e-becb-1ff252129a38,Melissa Lane,Dog,9,7.047467550304029,Healthy,False,2023-04-05
79c0bd20-2870-47d2-b4e3-994444c658ad,Mr. Gary Martinez,Bird,11,7.05673111357427,Sick,False,2024-01-13
474fa907-3fc5-4691-b4ab-d241f5a89667,Rhonda Martinez,Bird,14,6.044842671908364,Healthy,False,2023-11-06
1787a799-653d-4e31-ad9e-e6136697ae56,Seth Bailey,Dog,8,21.025141559945624,Healthy,True,
ee10f4bf-a7b9-41cb-ab59-3efef262a4cf,Jordan White,Cat,12,19.250996841171407,Sick,False,
a9478036-26ef-4c90-955f-7c3341285699,Tiffany Jennings,Bird,8,2.2873235972747845,Sick,False,
e4a0015b-1505-4f13-8db1-26629a887795,Karen Kane,Cat,8,7.736564974596004,Sick,True,
b8c8eeb2-5127-4cda-b3a3-adb8fc320583,Amber Myers,Bird,7,15.395502821359594,Healthy,False,
826cee7e-6122-4b01-a810-8d1b8050ee0e,Bryan Owens,Cat,4,25.030296458271323,Healthy,True,
e654381b-f8fd-4807-9ca2-5736ae5cd3d7,Debra Odonnell,Cat,14,26.363157406902697,Healthy,True,
78f23e22-8878-4adc-bdac-00aa9e6cb43b,Mary Kim,Bird,5,19.143747138839935,Sick,True,
250637ad-6cce-4263-9a8a-6ba845c522e3,Edward Alexander,Cat,13,24.04335878292138,Sick,False,
ee2db528-a0d2-43e8-860c-863d73453b38,Tabitha Snyder,Dog,1,16.766670803081396,Healthy,False,2023-11-19
1ab686d3-ce22-477d-adac-32301fbb2b38,Lynn Cooper,Cat,14,14.921046294382705,Healthy,False,
15789472-7b59-4c3c-989f-6b881e64f985,Richard Hughes,Dog,5,27.520410418242214,Sick,True,
2e8e22ca-7709-4195-b831-840c646a8238,Jill Mclaughlin,Cat,12,26.298451846399338,Sick,False,2023-04-26
f88b1e10-7d42-4443-8807-0c4f48aa8607,Maria Wilkins,Bird,11,16.4024533070002,Healthy,False,
8545f8c2-fb10-4262-b233-fa11de34fc23,Kaitlyn Livingston,Cat,9,7.157357946458491,Sick,True,2024-01-02
4a0844bd-128a-4b26-a860-216f8f96acfe,Chad Hancock,Bird,2,22.02907583953571,Healthy,True,
e5cedee0-84b9-4d56-823d-fd75bfdcf52a,Keith Holmes,Bird,4,27.871892576987587,Sick,False,
d2737e21-5f63-450d-8b17-f7f71bd8e0b0,Tiffany Palmer,Dog,2,21.98931610500793,Sick,False,
9bfc2d2e-428c-4609-aaef-078d1c962ad4,Tyler Perez,Dog,3,24.219244814262634,Sick,True,
abd6bd98-ff5e-4204-9d0b-ae777055643d,Wendy Wang,Bird,11,21.61384980309133,Sick,False,
f91a23d5-1126-4c7a-b593-d747dc8e2364,Joanna Perez,Bird,6,12.921245615855751,Healthy,True,
af6b4c56-3c4b-4b6a-9718-f02abf95fdf1,Alisha Morgan,Cat,9,15.294666432915584,Sick,False,
d416e04f-e351-4764-b799-4874c732fa56,John Webb,Dog,7,14.832611666187521,Sick,False,2023-08-24
ca0c06ae-8953-4c66-8d6b-082e8cfa0342,Austin Garcia,Cat,11,19.801125143483507,Healthy,False,
ed2d117d-2fb1-4122-baed-6fd1ccdafdc4,Cynthia Reed,Cat,2,10.290609335867067,Healthy,True,2023-02-07
61e82406-0ffd-407e-a974-db3255e56a83,Alexis Walker,Bird,5,8.992570920008367,Healthy,True,
40467b43-407c-4425-8bd5-f43b38af3e49,Dana Miller,Dog,13,27.980728930196374,Sick,False,
d775d073-30c6-424f-ac18-f5732b817f8d,Scott Lamb,Dog,14,17.21989321019092,Sick,True,2023-07-25
b9331e49-927f-4449-a765-db69a2c6471c,Desiree Weiss,Cat,12,8.736943882597398,Sick,True,
99a4a1f9-22e4-4636-b84b-1cded811ee44,Lori Ritter,Dog,12,16.889185560221815,Healthy,True,2023-02-06
bd08b584-32e0-4fd8-b971-a1d794c0cb18,Jason Martinez,Dog,3,21.829383408989806,Sick,False,2023-04-19
f710f08d-6f65-4749-9adb-0d666793cdba,Heather Chandler,Dog,14,27.164922171193375,Healthy,False,
2cf9daf6-b25a-4c7a-837f-01a2e65f10bf,Benjamin Stewart,Dog,15,10.437518770848252,Healthy,False,
5377d315-e51b-4e6b-93d8-0697336dd644,David Finley,Cat,3,10.316908309789078,Healthy,False,
96ea4234-dc8e-4bd4-8396-812d8725c570,James Newman,Bird,7,10.650781621603786,Sick,True,
9974df25-d1e2-49e3-8044-864c305d1579,Ms. Kara Mercer,Dog,13,24.74375783300766,Sick,False,2024-01-09
90fb67bf-1225-4d67-aa7e-ee5731dbaa5e,Michaela Daniels,Cat,15,16.86465565960509,Sick,False,2023-02-09
60785363-ee98-4239-b880-6102aed21d0a,Michael Dalton,Dog,9,2.0875982079982167,Sick,False,
c48c96fa-04ad-44ac-aee8-ad9942bd6bf0,John Christian,Dog,4,29.18930369251969,Healthy,True,
42148621-7ff0-44b3-82fe-aecd4dacc055,Ethan Cooper MD,Cat,13,11.035878461765336,Sick,False,
b70020f7-2e2a-4724-8888-76051fc8ed22,Marcia Collins,Dog,4,15.6874722416337,Sick,False,
ff5b25ca-db8a-467a-a74d-13b671cd4d8f,Aaron Hurley,Dog,14,22.88376635947221,Sick,False,2023-09-23
d9749b25-f30a-49e8-a997-1d9d9ac824cf,Jeremy Mathis,Bird,11,11.481338598672075,Sick,True,
2e3c8e40-d574-4c21-ab4c-04c79ff30857,Justin Campbell,Bird,3,16.70509145893821,Healthy,True,
e9dacf0b-23bc-4d9a-8847-ff526000a2b1,Bill Gonzalez,Dog,2,9.001254679808447,Sick,True,
1dea51d4-b788-4e00-96b3-4b7faf88b030,Brenda Rivers,Bird,14,10.5892572232737,Healthy,True,
1e901d32-f561-4076-ad02-4bf9221650ac,Mrs. Melissa Lawrence MD,Cat,10,13.963652929819824,Healthy,True,
338951e6-fc96-4201-b0e8-fe3baeee5d80,Leah Miller,Dog,3,10.274378564951725,Healthy,True,
58d03e97-15ee-4f75-9b5e-025c6a84b057,Michael Morse,Bird,4,14.32390615611089,Healthy,True,
efa38de1-b6fd-45a2-8ca6-ada50043971a,William Clark,Cat,7,18.64552974862431,Healthy,False,2023-01-31
c6ccfbd3-4b7a-4de1-9bac-c83ec7d1f444,Makayla Espinoza,Bird,8,7.403566816088637,Healthy,True,
3de066f6-3ecf-4830-aa5a-6d222995b03c,Scott Sanchez,Cat,2,14.394307944918738,Sick,True,
14a648f6-7a34-4b50-a394-bb66fa14fbe3,Ann Deleon,Bird,13,15.820223716174597,Healthy,True,2023-10-08
0ccb460f-452c-4bc4-a253-17af13cc13ea,Kimberly Foster,Cat,15,20.6753121611627,Sick,False,2023-08-06
19169162-4840-448f-ae41-b2fc209f702b,Luis Sanders,Bird,2,23.197719225554472,Healthy,True,
98768ead-635d-4ab4-8a50-80f2468145ba,Anthony Bradford,Bird,13,16.60534526480061,Sick,True,2024-01-09
10df4213-82cf-490c-8710-eb279397fb13,Eric Turner,Cat,8,20.1515402731329,Healthy,False,2023-08-28
4727bda5-ef06-433c-85c3-805b96d3ff49,Kimberly Mccormick,Dog,13,22.844208932722232,Healthy,False,2023-11-16
2398c7aa-6133-4303-9881-ae13de74a355,Shannon Clements,Dog,11,24.618866012988775,Healthy,False,
6e7514f9-fff6-4f76-b7d6-918e7314ef43,Alfred Strickland,Dog,8,8.122729974783466,Healthy,False,
b89b61ed-f321-4930-85c3-8b49de0e8dcb,Dana Powell,Cat,1,4.254674170965573,Healthy,True,2023-03-05
2689c11d-b638-464d-b29d-b42a42adeb56,Lindsay White,Cat,13,14.987712331000544,Sick,False,2023-06-02
5ef7fa40-6426-43ad-8653-9a887d5aca6a,Alison Johnson,Cat,10,4.735913525909978,Sick,True,
6396cf0c-c54c-43d9-9f3c-e6dd88bd48c4,Krystal Martinez,Dog,6,11.089773541248052,Sick,True,
12b0e811-9619-45db-8e3e-f59c99dedd6d,Margaret Pitts,Bird,10,1.510357448156494,Sick,True,2024-01-07
22694272-4450-4146-8117-7871fde4aafb,Jason Brown,Bird,9,4.629296966832131,Sick,True,2023-05-03
b7146687-4809-4f07-832a-3dd44b6d20c5,Leslie Johnson,Cat,10,8.329407509272382,Healthy,True,
6f913fc6-96d8-4ffc-8b30-8453ed57caf6,Jennifer Brooks,Dog,8,17.640470824235756,Sick,False,2023-07-08
4d8ab485-4faa-4da4-a6a6-fe4b983ee81a,Jeffrey Melton,Bird,12,1.2151724021480799,Healthy,False,2023-11-01
0cbaa1c8-e718-4f61-9f04-39485959d6f3,Anthony Deleon MD,Bird,5,9.605867030460418,Sick,False,
8fc562a8-d332-472d-8970-a069fc075acc,Taylor Saunders,Cat,8,29.245044920902227,Healthy,True,
55c2c59d-4aab-4282-9872-7d56c1c856b3,Darin Wilkinson,Cat,6,5.0913546508974825,Sick,False,
1439157e-eb0f-463a-a5b6-f7b2528e91ad,Kevin Wiley,Dog,15,11.878762307429326,Healthy,False,2023-07-08
e971d9c8-3ff6-422d-b79a-8cb9b17bf3f0,Emily Jimenez,Dog,1,8.74314085452767,Healthy,True,
79311348-7d79-4e52-8673-6869bede67f3,Kristi Martinez,Cat,14,12.847053835144962,Healthy,True,2023-10-28
b97c8cb8-4587-4505-a732-96015d53653b,Deborah Terry MD,Bird,8,12.969063756076627,Sick,True,
5fe52737-4e75-4d7c-b4f1-bef665b97db5,Theresa Watkins,Cat,11,17.236740549657455,Healthy,True,
e19be45c-d138-48e9-9a7a-8f6dfaace4f9,Belinda Beltran,Dog,7,29.92288208812073,Sick,True,
29648c48-af5f-4d0f-ba00-06f41650c028,Emily Smith,Dog,3,11.63811114192216,Sick,False,
5863ceb3-780a-4f09-97ba-ed6bef19cc6c,Christopher Ayala,Dog,15,18.215532006904493,Healthy,True,2023-06-30
fcc43dec-82d4-4838-9f53-a27b6a006457,Robert Lloyd,Cat,10,1.689240699285379,Healthy,True,
707492a2-480d-4389-aed9-30751e6bcd84,Danielle Johnson,Bird,14,8.569730513370835,Healthy,True,2023-06-13
6c2d9743-32a1-456a-9640-96347ac139c3,Matthew Sims,Bird,13,6.999380666198037,Healthy,True,
d3cd4be7-d955-40ed-bf94-b73b83f2069e,Jessica Richardson,Bird,15,17.28967149220951,Sick,False,
74ee5356-4639-4929-b4ac-0137dfe90d1e,Dr. Alejandro Olson PhD,Dog,9,25.662752372083002,Healthy,False,
5a14e41b-11ad-462b-bb08-8d66c1788581,Michael Webb,Cat,7,9.229327282311491,Sick,True,
c16aa362-6bb6-4027-bbd5-0c316aef327c,Curtis Deleon,Cat,5,19.67933511077307,Healthy,True,2023-03-04
cf3d3bfb-33bf-4d04-a70a-c7f70d2005d1,Melissa Wade,Dog,15,6.272738483255182,Sick,False,2023-06-04
91d6d16b-a4bf-4646-9c49-231691712523,Lisa Page,Bird,4,10.05729952198014,Healthy,False,2023-08-15
c02aa45e-cb5b-48de-bc11-4fdc683704e7,Laura Williams,Bird,1,2.4339747676713683,Healthy,False,2023-04-08
cdd36a68-1b7e-4cb5-ac81-71b656428008,Ryan Evans,Bird,7,11.683697377154953,Sick,True,2023-02-17
3e51789c-f066-417a-bdae-f44623c6d02f,Megan Neal,Dog,5,1.8688827698433368,Healthy,True,
3a04c3fd-9f03-4dbb-8d76-c00e95d5ef05,Craig Cherry,Cat,9,22.786768669318203,Healthy,True,2024-01-10
00d43280-a98a-485a-910e-961c590bca4d,Tammy Walker,Cat,9,19.848173879785758,Sick,False,
13236b4c-b99e-41d5-8d05-a1c33ff5fba3,James Wu,Dog,11,5.260699360817653,Sick,False,
3ae7de09-200c-41ce-9354-4f35e5058e6c,Cheryl Aguilar DDS,Bird,6,19.917103507758032,Sick,False,
cfaf2697-dcfd-426e-aa79-0c17e65fca4b,Donna Robinson,Dog,7,2.125578507262796,Healthy,True,
2362afcb-484c-4129-b662-525855fd04f9,Caroline Bailey,Bird,8,26.12231412368186,Sick,True,
2981ed3b-48e4-448c-82c2-59af3c1a5079,Frank Snyder,Cat,14,18.188300214739442,Sick,False,2023-06-24
e567793b-b9a7-4038-889e-a2ec4a0bbac3,Nicholas King,Cat,4,28.79766462446172,Sick,True,2023-08-08
ec641d17-d64e-4e83-af18-716b010faa6f,Jason Floyd,Bird,6,16.56065760873825,Healthy,True,2023-08-18
c47cd597-cfda-49d1-a9ef-45e89e5d6f57,Wendy Mack,Cat,5,7.446238677513029,Sick,True,2023-06-10
46f69f10-5758-453c-bcfb-7bdafe5e9f6f,Darren Cortez,Dog,15,17.47688844789617,Sick,False,2023-08-03
c70efc37-8cf5-4ba0-ac3a-24803baa0636,Rodney Harrell,Dog,3,10.901579878337275,Healthy,False,2023-08-24
3933f365-0665-45b0-bb02-f77085ea07e0,Mrs. Nancy Powers,Dog,13,28.94481316528635,Healthy,False,
a62506d7-14e3-46c0-a7f9-02eb014fac22,Stephanie Robinson,Cat,6,19.568840928791698,Sick,True,2023-06-01
97036081-87f8-46bf-89fc-78e4d76ad9f3,William Adams,Cat,15,18.26891543615959,Healthy,False,
9d75d2af-6c4f-48dd-8de3-feb8bf00660a,Erin King,Bird,2,19.285258503986572,Healthy,True,
fb789f84-1f73-4ca6-b26c-1fbcf90f33c0,Douglas Tapia,Dog,12,24.16615845099323,Sick,True,2023-04-10
e6861069-e012-4db0-a5de-56bc54c39608,Andrea Gibson,Bird,14,24.628331390243797,Healthy,False,
72995d8a-cbc5-415f-a606-fde619172c73,Donald Hancock,Bird,4,12.166374334038204,Sick,True,2024-01-16
e4aa45cd-b1d5-4940-b0dc-ed74410b84be,Taylor Henderson,Cat,7,10.599023926472197,Sick,False,2023-08-10
b595807a-1499-422a-81db-50f5554baf02,Lee Michael,Bird,15,6.775267261752359,Sick,False,2023-08-22
91c6c7be-b986-48d1-8684-5a885ea2faba,Megan Caldwell,Bird,8,18.083647696242963,Healthy,True,2023-03-23
60ee1839-2956-4b8c-949b-fb622449d929,Katherine Carter MD,Cat,15,15.83754024226063,Sick,False,2023-12-01
2a4d2bd8-6fb8-4dec-9e98-13a317f75071,Collin Lynn,Dog,7,14.072068781738242,Sick,True,2023-09-01
d376002a-7a7d-4111-bc37-977abe4d893a,Lisa Adams,Bird,7,19.53510126848279,Healthy,False,2023-06-24
894b265a-a5d7-482e-b166-09054eaf1ac8,Charles Mata,Dog,15,5.148639584351769,Sick,True,
7bcb96da-e3d9-4a9d-a94c-29ee0a32f787,Wendy Trevino,Dog,11,6.272423253157759,Sick,True,
b06e03fa-f4a5-4988-b551-701a6468b543,Deborah Ferguson,Bird,6,11.165220216650821,Sick,False,
394c628e-3b4d-48b8-ad90-ff508283e697,Ana Martin,Dog,8,23.918030778861088,Sick,False,2023-12-09
58debae9-0cd2-473c-95ed-ebbe58d95160,Diamond Frey,Bird,2,23.445482751203098,Healthy,False,2023-06-09
2b3919b8-a309-4c48-a291-eaa64d3aef13,Cheyenne Rogers,Dog,11,23.70162491646091,Sick,False,
7c7a00e1-ba59-46ac-b0ca-d5b10333b1e5,Katherine Morgan,Cat,10,28.825465019900502,Healthy,True,2023-05-30
eee31cf0-8347-40e1-8801-e4e774bda009,Phillip Torres,Dog,12,15.553305035270943,Healthy,True,2023-07-26
d54052cb-4dfd-4b2a-b5b5-ac26e171ef85,Cathy Gay,Dog,15,6.625071306419305,Healthy,False,
70fe5884-0bca-4383-9783-378947c936eb,Ashley Rice,Bird,12,12.185982922409226,Healthy,True,2023-11-18
c7e6e524-55b6-4a7e-a893-9c73295dbb5d,Heather Howell MD,Cat,5,14.229095252248838,Healthy,True,2023-04-26
239459ea-ba0d-43ec-9d2a-ba26af33b808,Isaac Ford,Dog,8,24.47198479128412,Sick,False,
8dc33377-7cae-45b9-952f-d6d625e1f6b0,Beth Mcbride,Cat,8,14.561658624758886,Healthy,False,2023-12-04
86fbf3ac-0d44-43db-b36f-367dc71484fe,Peter King,Cat,8,29.487101332119583,Sick,True,2023-02-08
a37b2958-6b8a-49aa-9e6c-dd9367b9b98e,Amy Ray,Cat,13,2.801511952452133,Sick,False,
27d31dee-0890-408a-8338-f968fd1e8896,Julie Powell,Bird,10,15.369727136286924,Healthy,False,
01b7b49e-a561-4b37-9d66-a0a80cb69b57,Christopher Morales,Dog,4,26.559669886657254,Healthy,True,
8e7e2b7d-7bc8-4b1a-93d8-dc3a39703c6b,Michael Warren,Bird,5,16.26483600853411,Healthy,True,
93bcacb6-c685-4990-a639-3366f2632b01,Nathan James,Cat,12,2.4099514456365148,Sick,False,
a79abfae-e3e3-494a-9940-dfb62cc10555,Jessica Snyder,Cat,7,27.74492150647867,Healthy,True,2023-02-02
7a7b139c-263f-41d5-a77b-aa3d27194a96,Kristy Rogers,Cat,15,15.764951566476636,Sick,True,2023-07-27
0fa3bea4-34b2-4f75-bfde-5c6417cd592e,Monica Evans,Bird,10,28.64198632777075,Healthy,False,
9d491146-ac65-4cf6-bb70-d21c2e393e03,Eric Thomas,Bird,2,29.43483802786522,Healthy,False,
4f3e42d6-92ea-4d46-9891-f07573608031,Thomas Cain,Cat,4,14.7725493481018,Sick,False,
185ff8a4-3bfa-441e-a58b-36bedb67f9cd,Daniel Riggs,Dog,2,18.80886647397768,Sick,False,2023-06-30
60ea4549-07fa-400d-8004-4395cc4266b7,Emma Mills,Dog,9,27.4324225332053,Healthy,True,
ff541579-a150-4035-9f0e-10800a138528,Michael Watson,Cat,13,1.1959707386621847,Healthy,True,
ef3f1a00-1e65-423e-b0e5-b92efa6c3f36,Lauren Powell,Bird,2,29.82984705706204,Healthy,True,2023-04-21
841c9fc9-a95e-476a-bc66-38eebc5d91dc,Stacie Payne,Dog,2,1.1020661033683443,Sick,False,2023-12-04
8d4a7e21-080c-4824-ae3d-6f48e07f6c9c,Jessica Carr,Bird,2,23.481739903966993,Sick,True,2024-01-03
5dbb83e3-c818-458c-9989-07bdedbbbd17,Derrick Perez,Cat,7,4.3858657293554595,Sick,False,
fa2ab12e-51ac-4da9-9168-6ac79bd142fb,Amanda Guerra,Bird,2,14.054843466765746,Healthy,True,2023-06-24
2285cfef-858e-4d82-8591-e26aca1de725,Sean Kane,Cat,15,17.535852267213368,Healthy,True,
09a05814-6550-482a-8bd6-78fb2b9b4619,Amy Vaughn,Dog,1,28.586308949144616,Sick,True,
dc4948cf-d39f-4c11-b329-2bb51e5d3cb0,Ian Clark,Bird,3,15.924552945128928,Healthy,True,
dfc9ae70-8f62-4653-8206-6e8ef81da0e9,Sharon Smith,Cat,8,11.43917002564034,Healthy,True,2023-11-18
baaeabaa-df8e-4673-b266-8abdb5037ea0,Raymond Hernandez,Dog,8,18.722537782988713,Healthy,False,2023-04-14
acf54084-9731-423e-82b8-41ba09295ffd,Crystal Thompson,Cat,3,17.541782945811853,Sick,False,
8a840dd9-362e-46f3-b11c-86420c7dc575,Beth Barajas,Dog,2,28.29388057100084,Healthy,True,
5b56105b-aa08-47dc-b96c-1e3516795ba6,Melissa White,Cat,3,24.6625630593428,Healthy,True,2024-01-21
36bd72c6-ef0a-4691-9699-3be4f12319b8,Jeremy Jones,Dog,10,26.373424321305432,Sick,False,
39c83e98-78b3-431e-a255-c0e7e7dbbbd7,Robert Fox,Cat,13,6.185634941913095,Sick,True,2023-04-08
a5c7e863-33f8-42aa-a90b-ae48f562b2bb,Tanya Peterson,Dog,1,26.415342804870377,Healthy,True,
43bc55f8-896a-4fee-9e0f-b2de9f4facf5,Kristin Novak,Bird,6,15.560372862455154,Sick,True,2023-12-09
d65bf5c7-e416-4a1e-a5db-f9f250e8368c,Cheryl Morris,Dog,14,14.50883105826724,Sick,True,
7f4cd22a-f176-4244-8406-a8ac7c753987,Jaclyn Hess,Cat,13,24.300832879166318,Healthy,False,
f09688a6-0a28-470d-a611-7f6d5f9fff95,Richard Dunn,Cat,13,17.30107218001031,Sick,True,
5c1a0478-5e45-4415-b8b6-354be6eb5f36,Mrs. Kelsey Ellis DDS,Cat,2,22.829664931073786,Healthy,False,2023-09-30
4ee93369-62b3-432e-892a-44973da0e759,James Meyer,Cat,3,8.923357168535059,Healthy,False,2023-07-21
9f1a77fe-2330-4cbb-819e-e2e9545e32b1,Allison Webster,Cat,11,28.509204672892178,Healthy,False,
c4dca0da-759b-4895-a909-3819fd2dd172,Peter Conner,Cat,3,27.05116133486966,Sick,False,
4c301f43-9677-458e-870e-071d1371d5d6,Anthony Bullock,Dog,14,25.12442827111193,Healthy,True,
16fbe4fb-071c-4041-a779-8ad21c8c0c4e,Sara Green,Dog,12,24.706993874293275,Healthy,False,
c47cc269-a332-430a-8965-033a7c08b225,Misty Thomas,Bird,6,16.65157544970662,Healthy,False,
130e2961-6a30-4918-9588-ba798b6351ae,Christine Taylor,Cat,8,18.896929501965136,Sick,True,2024-01-22
cb472392-dfe1-44f3-9175-7d2abec089c8,Victoria Rodriguez,Dog,12,14.830635359346815,Healthy,False,2023-03-22
cadda425-6ef8-4757-a5f6-8790ca401cfe,Julie Choi,Bird,1,5.609301697135591,Healthy,True,2023-11-07
3f024edf-6c93-4e84-ba6e-f15c9ed6d9f2,Kaitlyn Maxwell,Cat,1,29.89642579955929,Sick,True,
7d695da9-1291-4e7a-aa80-42e28c7e9978,Martin Gonzales,Bird,8,24.1210028419322,Sick,True,2023-07-13
8c7c0922-459a-41c7-a0d8-744e5c729783,William Walker,Cat,2,4.16591666930627,Sick,True,2023-05-30
5986507a-5550-4b4f-8c73-3e02fb8a2c69,Evan Graham,Dog,2,13.24932218056153,Healthy,True,
a6550dbf-4825-44f2-a2f3-b2251cd2caf1,Jerry Ramirez,Bird,14,5.137570193664766,Healthy,False,2023-03-09
c0070f98-3ab9-4bc7-b84e-49001ba33c50,Emily Lee,Dog,11,10.839318781538688,Healthy,False,2023-09-24
17b6aeff-7e3c-4da2-a3ca-5c2fd573f9a3,Sydney Ortiz,Bird,8,14.593932273430076,Healthy,False,
3aee59d3-8e10-47f2-873e-dd3656d2ca24,Peter Elliott,Dog,15,2.011400496342173,Sick,True,2023-12-22
5d9f26c1-57bd-435d-9720-2e49401653a9,Connie Gomez,Bird,12,17.08751566834466,Sick,True,
0785ce7d-e105-47ad-8846-b1df32a864b9,Paula Simpson,Dog,3,4.780128986479754,Healthy,True,
6296a208-6b79-4208-896c-68a3682d6904,Mary Reynolds,Bird,11,13.467461366921126,Sick,False,
e5b3b9b0-66cd-4a3d-ac14-08ed84be0425,Ronald Duncan,Bird,9,20.866387059569817,Sick,True,2023-08-23
ad2861de-4e1c-4f63-bd71-893747d57d6d,Hayley Casey,Cat,12,16.309250103080984,Healthy,False,
2d1477b1-8551-45a2-8877-1d96ed2b354d,Angel Lewis,Bird,7,17.479385846841737,Healthy,False,2023-07-24
f3f763a3-8c07-4a63-a326-82f7c74e0e25,Mario Jordan,Bird,5,24.88281640757989,Healthy,True,2023-06-11
473077aa-f6e8-4a44-b903-d371b4c4e5e7,Mary Anderson,Cat,7,2.166768206870993,Sick,True,2023-09-25
de1dd087-7523-4bfc-bd6e-3bc6dea265f4,Julia Berry,Bird,3,22.268543435508377,Healthy,True,2023-05-05
49b10ba8-e1f2-4022-a1ef-5f9e45cfbfd1,Maureen Barber,Bird,10,7.230380513863356,Sick,True,2023-06-08
345535af-97e6-4969-a6dc-64f1a58651ed,Sheila Moreno,Bird,10,6.487072119234912,Sick,True,2023-11-15
7100977f-c736-4a32-844f-5ce722c5630f,Michelle Thomas,Cat,3,5.4773361297565675,Healthy,False,
8166589b-e831-40a2-9708-9e9b4277d0af,Mrs. Teresa Becker,Dog,14,23.98482925700916,Sick,False,2023-08-10
4e44b23d-0127-4a1e-87a6-fa9ea047303b,Mr. Danny Miller DDS,Dog,8,17.007837454001354,Healthy,False,2024-01-14
f7a374ff-2796-44aa-b79b-45de17e23fa2,Sonia Martinez,Dog,1,17.45607059566824,Healthy,True,2023-06-02
cd1ec02d-e61c-4090-9e0c-d77acdbbac04,Victor Taylor,Dog,4,29.47473856476408,Sick,True,
295980e4-c5c3-457f-a1b7-e098b56b2033,Victor Trevino,Bird,11,2.4189603439228122,Sick,False,
9b8a251f-8db5-4d39-8077-f85005a570f7,Veronica West,Dog,5,5.785004571484228,Healthy,True,
52f62c79-6e14-46d7-bd1c-7d956d586f3d,Thomas Perry,Cat,13,29.93095654225124,Sick,True,
bcdc95a8-3223-4f90-8546-00ce8eddc040,Anthony Andrews,Dog,1,20.65171610156789,Sick,False,2023-04-14
7fcc5cad-9a23-408d-b9bd-3c45275b323d,Joann Yang,Bird,5,25.73730041956809,Healthy,False,
88aecca9-db0a-417a-b243-fc6c7261311f,Rodney Price,Bird,1,15.955498783589714,Healthy,False,
128f3ee0-7eb9-47b2-9704-aecc2451df07,Christopher Jones,Cat,7,23.916292673808492,Healthy,True,2023-05-06
ddf16c06-b8d4-4f9c-a37a-4d1b82a03873,Michael Orozco,Bird,15,29.732730842815705,Healthy,False,2023-02-19
7a67bb0a-8dd1-490a-b04b-8fe510c7585c,James Mercer,Bird,8,24.272949432200956,Healthy,True,
9c26271d-15a4-4f1b-b158-2360ec562fc1,Michael Hubbard,Bird,3,6.47292691744474,Healthy,False,2023-12-30
c3efc1d9-c772-4867-9088-7b7ad9ab1814,Julie Velasquez,Dog,14,22.538475549431986,Healthy,True,2023-11-30
42402b3f-7e29-49d6-8828-664f5f665fc2,Peter Watson,Dog,7,20.93784460907582,Sick,False,
7f35ecf7-ed43-494b-887c-d849996515cb,Nicholas Garcia,Dog,11,14.495386939270935,Sick,True,2023-04-15
6b714ecd-96cf-431b-a5df-ef74636ee435,Shelley Christian,Bird,13,28.691360157869475,Healthy,False,2023-07-23
c78f9fe5-b9ed-4e58-928e-6ec4e95920ab,Andrew Randolph DDS,Dog,10,27.48230252431992,Sick,True,
d0016b94-c1f9-4c8f-a28b-198b0c7d9b24,Michael Collins,Bird,7,12.146011762480754,Sick,True,2023-09-27
4b8f5dc8-23d5-4473-bd48-fe66f5a7c3f2,Jessica Lopez,Bird,11,28.633589570293868,Healthy,True,
65580ed8-b0f1-4264-b117-64bb32d77b73,Megan Hicks,Bird,9,16.35818054873623,Healthy,False,2023-11-11
2199f6b7-69e7-4907-8beb-ff1bc9c39a6f,Mr. Kevin Rose MD,Bird,6,4.021823184676883,Healthy,False,2023-09-02
316fdc3a-e838-43cf-95a3-70b464d58427,Andrea Medina,Cat,3,7.853450311186418,Sick,True,
83c67e97-ccbf-48c0-8cb6-8c64f05d5c1d,Jared Ryan,Cat,8,15.669707353922938,Healthy,False,
bc86fe5e-a217-46c8-8fb0-6430dce4b29d,Eric Sherman,Cat,14,10.547039185097407,Healthy,False,
3f41431d-cb46-4805-b8a6-d3896675edf4,James Smith,Dog,3,27.360561068715526,Sick,False,
bccc8ec4-6f9b-40a5-8aae-18cf3a3579b8,Tamara Cunningham,Bird,10,24.502391201617687,Sick,True,
25b24b92-17ae-4550-bd9c-232736efed20,Misty Mccoy,Cat,5,7.242401404770654,Healthy,False,2023-11-28
6195b416-e69a-430f-ba16-5f573d4b9353,Dale Gray,Bird,9,15.663814753104322,Sick,False,
1153e905-56d0-4e6a-b022-02152d05ef22,Lisa Hayes,Bird,1,15.948930193112485,Healthy,True,2023-03-03
863ec944-a42b-48ff-bfba-5d6ee539f5dd,Elizabeth Bush,Bird,4,5.112927524019036,Healthy,False,
7043475e-ff15-4a6c-9c25-6f3fbbf4d1ab,William George,Cat,8,21.33721811571455,Sick,True,2023-12-07
c4cd4142-0993-456d-81e7-fbaba38e54a5,Melissa Perkins,Cat,1,10.901812559216264,Healthy,True,
ea21cfee-511e-4ddd-bea6-c3485a1b1e7b,Sean Williams,Cat,11,23.678820640357927,Healthy,True,2023-10-24
1fbc1ca3-01fa-45f7-8c03-37aa55d29c25,Michael Harris,Cat,14,4.796233795750823,Healthy,False,
b5b653dd-29d1-4e2d-9ff2-c7daf170430b,Harry Barker,Cat,6,17.051716839608247,Sick,False,
7fde033d-5862-4afd-83d1-e666cbeb1ed2,Frank Jones DVM,Dog,13,22.56243431477703,Healthy,False,
41cd3c0c-14ea-4e2e-af91-0e0a3da0e64f,Elizabeth Lopez,Bird,10,15.419740853880908,Healthy,True,
41af0d3e-52d8-495f-88f2-50474a2b76cb,Mr. Justin Wood,Bird,7,26.595860615812654,Healthy,True,2023-09-24
ba81a579-9a08-47d1-8e43-2ae70ce3ca55,Michael Lyons,Dog,2,27.04828431000578,Sick,False,2023-07-27
514bd108-1abe-4610-a747-7226942a1fd8,Angela Dixon,Bird,13,13.814914644992504,Sick,True,2023-09-20
5eb93bde-8edf-4d49-aec8-8bdd08b93363,Cory Murray,Dog,5,19.15151730972802,Healthy,False,2023-01-31
1fee3712-6ec3-4a3d-90f5-1b1c55ccac8f,Victoria Leblanc,Cat,13,7.473389473996701,Healthy,False,2023-05-21
6db8863a-794d-4a56-be02-bf97860fe5a8,Tyler Booth,Dog,11,11.935799811325012,Healthy,True,
e4f02014-9a6e-4db7-bd03-ceae19b54403,Vicki Davis,Dog,8,20.801787177884375,Healthy,True,2024-01-17
d54b9c3b-4aee-4618-b5fd-ba490f804e69,Seth Hamilton,Cat,3,11.821743348042693,Sick,True,
772abd63-fd4e-4c78-a6af-385d706ea378,John Kirk,Dog,4,6.482524578184705,Sick,True,
d2615f0c-ca3d-4286-92dc-e2dc70c7afbb,David Joyce,Dog,13,18.717207147647855,Healthy,False,2023-03-06
18c6f549-762e-4b4c-ab23-ae197553d165,Holly Campbell,Dog,15,4.484111094125533,Sick,True,
aaafa2a8-7395-4a57-aaac-61a962cd7173,Danielle Smith,Bird,10,25.4611186643834,Sick,False,
7e71f986-1947-4625-a918-5e202a9df9bc,Danielle Ewing,Dog,5,13.597981770284918,Healthy,False,
e811e4fe-414e-4fbb-ba85-94ea882c7ff1,Melissa Guzman,Cat,4,15.779374733236873,Healthy,True,2023-07-27
0313575e-54ba-4ce3-895d-7fdb941a254d,John Huerta,Cat,3,9.752282708542428,Healthy,True,2023-08-09
1de8b031-5713-42f7-a68d-f800a6b87322,Alexander Sexton,Bird,1,19.85753808625693,Sick,True,
07dd50af-4585-4888-9497-d4a91a39f26e,Joseph Cook,Cat,12,21.28751379724429,Healthy,True,2023-01-31
a25b8f3b-1532-48b1-b33f-2469a502403c,Gloria Blake,Bird,6,14.411185818582396,Healthy,False,
65ed8dbf-8f99-4f7c-a3b3-daad5a1f1567,Pamela Orozco,Dog,10,10.920975400587396,Sick,False,2023-07-02
9c6df402-011e-4655-944d-c1ac49259773,Rachel James,Dog,8,15.488681461353442,Sick,False,
2f71c6c9-1cee-4965-8f4b-b6c9ad97c9f4,Mario Ward,Bird,15,23.5255781737752,Sick,False,
97dcccfe-d02d-4545-a9cc-283767354d32,Cynthia Jones,Dog,10,28.11517181590938,Healthy,False,2023-02-07
b2165444-6ea5-4ce3-81b6-1f0a3338849e,Heather Reeves,Cat,9,5.435541920991218,Healthy,True,
02cb35f0-0b66-46ea-9634-7a51675730c7,Mr. David Barrera,Cat,11,23.878759927229137,Healthy,True,
f366b352-aac0-4030-b8a5-f2e1d51d949c,Thomas Roberts,Dog,10,10.613963766278019,Sick,True,
e239320b-d824-4280-80c7-5bdcc59aa38b,Brooke Davis,Dog,14,28.97865958503722,Healthy,False,
79680410-36c4-4515-834e-77d87b5b62bb,Emily Carroll,Cat,7,6.2538404129879615,Sick,True,2023-03-30
ccdfda15-a89d-4271-8e28-fe664c4cf337,Michael Lopez,Bird,13,21.044690316074902,Sick,False,
df20a40e-584d-4b36-874c-2c334f70ad52,Christine Berg,Dog,11,15.001856674100278,Healthy,True,2023-07-17
a72521c1-946f-49c8-9f08-8d8bb8f26274,Stephanie Brown,Bird,14,11.78607795353959,Sick,False,2023-10-09
18ac01b7-8799-420c-8b1f-40ded1afe435,Jason Ortiz,Bird,8,11.963543137579075,Sick,True,2023-11-26
fcf14997-ee61-4ae8-bce3-64775f3f48aa,Julie Nichols,Dog,12,1.6182765136237394,Sick,False,
e5bd3ca6-851e-4481-b571-0e7419951e18,Christopher Howard,Dog,5,15.264092475509837,Healthy,True,
9ae2371d-4a15-40bc-b792-fbef1a5dcc68,Lisa Sampson,Dog,5,15.14096247441981,Healthy,False,2023-03-28
de6d025d-3004-4dc1-8c9c-fee67f7ac5e9,Justin Norton,Bird,11,13.579699549199011,Healthy,False,
8769dc67-5ecc-40ed-b58a-314c4f5d981c,Sara Bates MD,Dog,3,10.837609722813855,Healthy,False,2023-06-18
1b3d5a29-052a-4a22-8a05-a8b306ce1600,Jenna Romero,Bird,6,6.13103066005938,Sick,False,2024-01-19
c8f50760-8929-4816-8749-e4c6ede2293a,Kayla Thomas,Cat,15,20.227274808661704,Healthy,True,2023-04-09
df6e4e40-a8f9-4570-9e41-8897a68a0e9d,Brian Richards,Bird,7,3.7273676874441035,Sick,False,2023-05-01
824674ff-f191-4918-821b-85d0c3fb91fb,David Nunez,Bird,4,20.42917350986733,Sick,False,
20bb5a30-882b-4b96-8bd0-2de79f4278d6,Amanda Odonnell,Cat,12,15.099495783566192,Healthy,True,2024-01-09
e8c8ed1d-5c20-4b7d-8e8c-db97ddbfeb64,Ann Boyd,Bird,4,19.507169211575103,Sick,True,
37d793c3-bb53-4f02-abc5-f30e9e4d6ffd,Ronald Harris,Dog,8,11.877272573094285,Sick,False,2023-09-17
d8d3e13f-f517-4f14-b3f1-4944ad4d1395,Andrew Walter,Dog,12,22.535273929054906,Healthy,True,2023-04-12
8a0f1ed8-286e-4070-b800-ab99a8432192,Chad Wright,Bird,6,14.212544128782719,Healthy,False,
a051ad12-811d-458b-9dd8-43b90796ca00,Jackson Brock,Cat,2,9.6868626355706,Sick,False,2024-01-01
d3e1eaa3-b360-4c19-94ec-6d1dd82b264b,Gregory Coleman,Bird,2,13.96062118824971,Sick,True,2023-05-10
1a3e8809-59fb-4ce0-8e0a-c87af047b770,Hailey Owens,Cat,8,11.320455260885378,Healthy,False,
ffc104af-3e18-4093-948e-b2de78174534,Tara Holmes,Cat,6,14.236742777297684,Sick,True,2023-09-23
6dada971-522a-4795-8f6a-8ed7a97c14e2,Karen Wise,Cat,8,26.19198464203923,Healthy,True,2023-05-12
b0113de9-f1ba-4d47-a528-17aa720e5f17,Lindsey Smith,Dog,10,7.62222555727538,Sick,True,
407e424f-5dd9-4b09-bfce-9f8dbd462e7c,Danielle Russo,Cat,14,25.99266781808488,Healthy,True,2024-01-14
e2bb52eb-ba19-4223-a7a7-91ba5aa476c6,Travis Lopez,Dog,10,16.308160703586132,Sick,False,2023-08-02
0684b6c6-e4aa-4aa6-8728-b48683d05dc4,Martha Chavez,Cat,12,2.557761193596836,Healthy,False,
82e00338-06fa-4e4d-adac-b696b7fe88dd,Mrs. Emily Ward MD,Cat,12,29.76199518685156,Sick,True,
0a8a6e71-476c-46d5-a7fc-4084ad06f880,Tammy Lewis,Cat,4,14.79477777170462,Sick,False,2023-10-12
88ce72a9-56da-4f70-9123-27ab9839f111,John Lopez,Cat,13,14.671433627857086,Sick,False,
2ae1d910-f0fd-48d2-9c1c-481a0182f234,Barbara Floyd,Dog,4,25.319846290891576,Healthy,False,2023-11-17
27c65818-3a69-452f-ad6c-f2504b65beda,Veronica Smith,Cat,11,24.374790479742707,Healthy,True,2023-12-22
e729fd2f-cb26-4cb7-9783-49060e3bb043,James Wilson,Dog,13,4.085608218392026,Sick,False,
81152297-9046-4e60-ba81-95baa322e4df,Patrick Melton,Cat,7,6.533058340162787,Sick,True,2023-09-05
683a05a3-8403-4b06-8d99-02ce6079877f,Kristina Davis,Bird,5,9.809910210519943,Sick,True,
6c070f5b-c38e-46f4-a591-5a1fec271837,Pamela Marshall,Bird,8,24.030411445501432,Healthy,True,
4084ff22-4b74-4270-8f3b-4455dbf8cd31,Gabriel Tate,Bird,13,14.264547285768272,Healthy,False,2023-12-13
5c291e33-c5ba-4b9e-a416-959ff38f693b,Theresa Abbott,Cat,7,18.766203331650892,Healthy,True,
b8c0e225-9006-4398-b0f0-de671117bc30,Dr. Chad Vargas,Bird,3,4.024132071103492,Healthy,True,
92d3745a-1c67-4592-ab20-d3f8421448c6,Amanda Miranda,Cat,10,2.3062257472870376,Healthy,False,
fda9990f-d9b8-4431-acca-53af242c1a91,Michelle Hall,Bird,1,12.67574896251709,Sick,True,
f5c5b1a2-bdf2-4998-b602-55a5c3e5e089,Crystal Young,Cat,11,1.2122963142895897,Sick,True,2023-05-30
4fd2643b-af8d-4ac9-8902-2ee73977d998,Crystal Walker,Bird,14,5.476146562727769,Sick,False,
50bb87a2-174d-402f-bc9d-46c36d246c2d,Nancy Porter,Cat,9,6.913471669830139,Healthy,True,
1a610b0c-4f9d-4aaf-960e-982fffde4875,Jeremy Montgomery,Cat,12,3.3155306106574627,Healthy,True,
fb9ca4f1-b4db-485a-a1f9-3c345d3c76eb,Colin Marquez,Bird,14,20.66750450452893,Sick,False,2023-12-27
6ae052de-6785-4dce-b0f7-6da296a7d8a2,Benjamin Flynn,Dog,13,25.574419710873993,Sick,False,
3942fb47-ba48-4391-bc1a-e300d5690eca,Michael Smith,Dog,4,15.715994902699531,Healthy,True,2023-02-21
019381e7-15cc-48bf-876f-6a0d9d73cbda,Michael Mccoy,Cat,12,27.177234094715377,Healthy,True,2023-12-20
36ebd979-9815-4295-b5e2-daeb684861f6,Teresa Lynch,Bird,2,23.094379666997657,Sick,True,
17e47ffa-403d-4486-8f8d-4f8d9002dc91,Mary Neal,Cat,9,25.24978527082913,Sick,True,2023-12-05
7c123448-4907-45bd-881b-47bdbb7978d8,Natalie Moore,Cat,9,29.16389789906336,Sick,False,
d5ed27d8-9f4c-4dd5-a959-3b7ab1d6d7ec,Thomas Moreno,Dog,8,21.62192266325614,Healthy,False,2023-09-26
b6486519-2a97-4813-9d3d-91154ca51e1d,Fernando Williams,Dog,7,3.61727016907725,Healthy,True,2023-11-04
94e1a8e4-ecf2-4442-9bf0-0b2ce5f92d0f,Ian Harper,Cat,1,26.521552018162243,Sick,False,2023-12-27
801fd079-a9b1-41a9-94ff-a39cd7a28c80,Jacob Hansen,Bird,13,14.111937851703054,Healthy,True,
ea45e66e-1764-4d91-ab71-bcebd86b3bb6,Laura Nichols,Bird,9,26.069193843958562,Sick,True,
ff3e368c-ef56-469f-82fd-b8eda64c353d,Michael Stewart,Cat,1,2.103219210492838,Healthy,False,2023-01-27
7f546e6d-db98-4f9c-9de7-dc594453d42b,Richard Hudson,Bird,2,7.882185647588979,Sick,True,2023-03-21
bd7b6d46-c0ae-42a2-a732-561c8d302a31,Nichole Hunter,Bird,4,1.7719366964036332,Sick,False,
1cc1000d-5b64-457a-9fb2-9cc44118e325,Robin Bowen,Cat,6,9.231626629796876,Sick,False,
de4355be-a57e-4e14-a4e2-55099bcb7393,Sydney Hughes,Bird,8,5.613022347178746,Sick,False,2023-06-30
bfed3e58-fbac-4f3e-b854-696149e8b4dc,James Jackson,Bird,15,6.7655001483991635,Healthy,False,2023-03-13
6b25bdb2-ac12-4e5e-8c1c-5707f8d5a89a,William Ellis,Dog,5,12.230156163237341,Healthy,False,
a800dd3d-b026-4e28-aee3-b6b10b7924b9,Karen Ortiz,Cat,14,3.7092977724740375,Sick,False,
55b13d8c-6ab5-46f2-9aac-6dff2b804301,Cory Savage,Cat,12,12.868746954772325,Healthy,True,
b4110e34-22e9-452e-b958-215d17ef5fb8,Joel Lee,Bird,7,22.68301121077651,Healthy,True,
5251a9de-7d88-446e-a2a3-4b7767f3f7a5,Susan Walker,Dog,6,6.615978798042908,Healthy,True,
7498b294-811d-41bd-a261-26930a2b99bf,Savannah Cook,Bird,10,11.783907811238429,Sick,False,2023-10-19
285dcebb-e074-43ba-88ef-a173396bed3a,Jorge Rivas,Cat,4,16.62894839212244,Sick,True,2023-06-06
77e47048-7660-4f80-a05d-a6128034093d,Tom Moran,Dog,8,9.10373161995721,Sick,True,2023-05-26
092edae3-369f-4278-813f-f4d55e09265e,Tyler Hall DDS,Dog,13,12.87415994051216,Healthy,False,
c560001b-5469-463b-8716-40039db7f4ae,Thomas Miller,Bird,12,6.7932015280311875,Healthy,True,
5bb12acc-1c4b-429d-b956-7280450fbff4,Jessica Wheeler,Dog,3,8.796683394270918,Sick,False,
54f96f87-39fa-4df9-9238-19580bff766a,Troy Diaz,Cat,13,18.80006304141664,Healthy,False,2023-08-28
2a4de16d-4363-4b1b-95fe-370eec3b1888,Troy Maldonado,Bird,14,20.80955752638916,Healthy,False,2023-06-17
d03761ed-084b-4809-a4e8-dce46c2bb94b,Bradley Morris,Cat,14,5.551149352853389,Sick,True,
8422e7a6-574e-4da8-9eb6-928832946028,Jerry Hernandez,Bird,12,20.577243931638467,Sick,False,2023-01-30
2966242d-1468-4a5f-b82d-1b8e1cab301e,Gabriel Maldonado,Cat,1,17.19157345130047,Sick,False,
44ce5fa9-c960-428c-8ba3-8701a198bd0c,Cynthia Hart,Dog,1,1.2112382062050178,Healthy,True,
d1d9675e-a246-4823-b9ce-c3f8222ff25e,Joseph Patrick,Bird,14,23.966050679907244,Sick,False,2023-12-27
98ff0155-97a5-479e-84e6-4d010f6b0719,Kelli Scott,Bird,8,20.395358134252074,Healthy,True,2023-06-07
7696c656-3100-464f-993c-459800675bbf,Shane Thompson,Bird,5,14.724755625641837,Sick,False,2023-11-20
4a39009e-1621-4195-ba47-d2e60af970f7,Alicia Black,Cat,10,27.2815499514128,Healthy,True,2023-10-17
d3b4638e-96c4-4c1e-928c-ca286d47337a,Craig Carter,Bird,15,18.94082305254657,Healthy,True,2023-04-19
6af5f18c-ff4b-49b2-934d-5da248d3d997,Andrew Rodriguez,Dog,11,13.037515917596277,Healthy,False,2023-11-16
d520ed84-9cf8-4424-9a59-f743d1a6e5cd,Robert Wright,Dog,13,23.291737671983853,Healthy,True,
1605b4c4-f102-420a-96c3-d0f249c56a97,Joseph Graves,Dog,13,29.65931779333319,Sick,False,2023-04-05
dca189f3-cc05-477c-839b-4452f651abbc,Hannah Howard,Dog,14,9.034315785631772,Healthy,True,2023-08-26
7d72ea9b-3bde-424d-a9cd-217b35945f30,Ashley Harris,Cat,12,24.64289703423407,Healthy,False,
e5982292-e9d3-410e-b22d-5a2db93384ba,Anthony Martinez,Cat,5,29.82648489132378,Sick,False,2023-06-18
b7180755-2101-4e3b-8e47-f97cb0ad2df8,Laura Kelly,Bird,5,4.816974407108491,Sick,True,2023-08-28
2d50b2e7-e411-4c15-af8e-b2931a5d08b9,April Ramsey,Bird,10,18.945646804033924,Sick,False,
6b3f64aa-d0f3-4a0a-8a1d-9b612a21012f,Alexandra Nicholson,Cat,3,3.073448062092121,Sick,True,
453fa13c-b144-49f8-acb2-9a1b42c59058,Jeanette Pierce,Bird,14,28.18168339763224,Sick,False,
b3f0764a-4aa0-4203-b654-4d6fa3f7ea89,Tara Fields,Dog,4,7.2540067622806115,Healthy,True,2023-04-26
aa88404a-c784-4924-b3bc-3904805d3187,David Howell,Dog,14,1.8054997751939634,Sick,True,2023-03-22
f2aa29ef-2888-44c8-ab25-dd1af613f55f,Brian Fleming,Dog,11,26.152106526923745,Sick,False,
ad242b8f-5ce1-4a8d-88cd-dbdc6c9cc297,Jodi Campbell,Dog,1,25.45317791965528,Healthy,False,2023-05-12
fb608675-4547-415f-973b-ce7161a6d9b0,Michelle Gould,Cat,15,29.339634534184725,Healthy,True,
d87f8c79-1d2e-4926-96a1-2413562c68a9,Charles Mercado,Dog,11,17.289768139282636,Healthy,False,2023-10-14
62433b0b-1ec7-4b18-8760-954dad950822,Jasmine Harris,Cat,8,8.307748825159717,Sick,True,
2d31c92d-97fc-4ca9-a054-ddc64f8646d9,Michael Compton,Cat,4,17.768976537087465,Healthy,False,
85ec451d-637e-45b3-89be-22b035142ec1,Jordan Williamson,Dog,12,19.594842498250596,Healthy,True,2023-12-11
4f912ae6-cdd2-433b-af27-56d79edf4d54,Melanie White,Dog,15,2.9742897697511492,Healthy,True,
0d8685cc-48d0-47a0-b5c5-6e9367ed9406,Anthony Bond,Cat,7,12.414130861958608,Healthy,True,
08e96815-b70d-4c1d-a370-a18159ab8152,Nathan Rodriguez,Bird,7,25.779768006256425,Sick,False,
47fad7c6-6258-4cdd-9fda-d82bb0829b8f,Daniel Gray,Dog,12,14.950076636443862,Healthy,False,
1801c80d-afa1-436e-96b9-f283fb976fad,Jeffrey Medina,Cat,13,26.63389954871259,Healthy,False,2023-12-04
c53712bd-d8c2-4e59-b296-c49ba9132ef5,Jennifer Mayer,Cat,5,6.442146573252802,Healthy,False,2023-12-15
8f7bfdcc-2245-4f4f-87b9-d9d2fb3b6047,Makayla Arnold,Dog,12,11.942275126527413,Healthy,False,
172b9824-c73c-4654-b6b4-51ff2894860a,Jason Sanders,Dog,3,18.806632329727524,Healthy,False,2024-01-03
5a67913c-ed5a-4549-8320-027bc8903a37,Taylor Rivera,Cat,2,8.246678908694287,Sick,True,2023-09-10
6ea562cb-7d52-43db-bcd5-1e941492a1b4,Diana Mcdonald,Dog,8,18.83483066720631,Healthy,False,
0938eca3-b20e-4373-9265-00adc3149773,Danny Holloway,Bird,2,24.554621634111278,Sick,True,2023-07-14
ba22e581-e165-49d7-9d30-4050ed8d4be4,Gary Dickerson,Cat,11,29.76979966972182,Healthy,False,2023-05-27
1d98f796-3ae8-4b84-9725-9a6353e35df8,Bryan Lang,Cat,4,15.416515440501398,Healthy,False,
26f77d18-5b7d-4990-956b-8b98e6f143ef,Samantha Mahoney,Bird,9,8.726668806653286,Healthy,True,2023-06-25
fc60a2b7-3fe8-4462-bc65-54cf82b99ff6,Christy Watkins,Bird,14,10.786662842322029,Healthy,False,
c7a8b8fd-0f51-488e-b6ec-94333e2cd1df,Jessica Drake,Bird,4,13.138948512453043,Healthy,False,
4624002e-fabd-4e75-91ba-2c12fc92416a,Amy Bentley,Bird,14,29.684482260545213,Healthy,False,
9605464b-5652-4345-92b6-a336ed094242,Michael Frost,Dog,7,1.2638873210765174,Sick,False,
e8649ab0-434b-4415-ad1f-a58c94760a9b,Martin Wong,Bird,4,27.916520252017865,Healthy,True,
6ec6b99f-d37b-4396-af3f-88d699f26d57,Dr. Jason Gray,Cat,13,29.88984452746231,Healthy,False,
21eb76ee-9730-4bb5-aad1-59f56ff5eb5b,Nichole Washington,Dog,12,16.080390763218134,Sick,True,2023-06-16
9a035ac2-a8da-4c6b-98ff-50088b0f7b54,Brian Martinez,Dog,11,16.682070973614987,Sick,True,2023-05-15
794ba976-3c28-48fe-aba0-5723bb78014c,James Williams,Dog,12,5.076103421356702,Healthy,True,2023-05-20
ffb21363-3f6e-49c6-87c2-84da33f17530,Alyssa Austin,Cat,3,27.605379209070875,Sick,False,
d0b5b0c7-c000-461e-9555-9a001319de62,Ashley Williams,Dog,6,6.753795355653155,Healthy,True,
d742d3d8-0f20-4961-972f-205e80ab6411,Misty Hopkins,Dog,12,10.40999114149976,Sick,True,
d21469f9-0260-485d-8b8c-a64cf93f4ea8,Carl Barnes,Bird,14,18.18990780723634,Sick,False,
b3e133d1-ef37-4210-b678-23867764d034,Carolyn Warren,Dog,9,8.02540482043365,Sick,False,2023-02-13
594d40a5-fc88-4bad-af54-b7a079e34dfe,Stephen Lozano,Dog,7,22.286631200264065,Healthy,False,
1fec74ea-63f7-4860-b824-60dd4817fd42,Amber Matthews,Bird,7,9.451782249380724,Healthy,True,
ce20bc0b-2346-409c-aee1-a881b3d53152,Mrs. Sharon King,Cat,8,25.62786385103236,Sick,True,2023-06-16
38fd2898-2b14-4025-b8e4-0dea3bfa6745,Mr. Zachary Martinez,Cat,15,27.14578312403766,Sick,False,2023-02-18
d2753c70-204e-4f34-9368-cbd6d6aff310,David Horn,Cat,3,28.213747051501663,Sick,False,2023-06-25
d9d88bf0-f7c4-46cd-a631-f86b25fbf4c7,Charlene Martinez,Bird,1,14.160701857917395,Healthy,True,
85f765ca-3477-4ff4-9824-197309e015b5,Brady Stewart,Bird,9,22.081331859445264,Healthy,False,
332a6f2a-66d6-42b3-93f6-6451fc21a2f7,Craig Munoz,Cat,6,18.94624215235266,Sick,True,
38fa6e11-5d9c-41b6-8220-a60585dc6548,Jonathan Trujillo,Bird,5,8.834802200945607,Sick,True,
e5aba0b4-5967-43fe-bd7d-8e835451e82c,Crystal Luna,Bird,15,22.528470870897333,Healthy,True,2023-08-12
eae40eb1-d0bb-4ce2-8ce9-bfe72f759749,Theodore Walker,Dog,13,16.53976304403824,Sick,False,2023-07-13
5eb2630c-cbda-403e-a2a1-1b5df343cf8a,Jill Ford,Dog,3,16.875070605252677,Sick,True,
47da90e7-a989-4042-9af0-5ae626dd5ce4,Joshua Davidson,Bird,5,4.1778586243627736,Sick,False,
ed1dd5e5-cbcc-45cd-b142-49d095c62d4a,Shelby Henry,Cat,7,27.57199842556366,Sick,True,2023-05-02
571b9389-bf41-45c8-a167-421420a9bef1,Mary Woodard,Cat,10,24.1560819214508,Sick,True,2023-11-01
345382da-de7f-4709-b441-1ca78fcb797d,Craig Vasquez,Dog,11,26.504739702779425,Sick,True,2023-07-31
870adae4-9b0a-419d-ba52-076602a3f893,Larry Sanford,Bird,11,25.443608048977158,Healthy,False,2023-09-09
97ce99eb-6758-46e6-adb1-e4d27dd73048,Jennifer Roberts,Bird,1,20.317120950079335,Healthy,False,2023-11-05
28e00fb0-7164-43b1-9a8c-59b273654054,Brian Barrett,Bird,8,15.82383802516961,Sick,True,
ee9a29db-a019-411c-b266-ba15aab2c5e8,Christy Cooley,Dog,3,6.206591203204175,Sick,True,2024-01-06
de97a218-bcca-4aec-8eff-fdcdf6692f8e,Carrie Wright,Dog,2,22.322664953811238,Healthy,False,2023-07-18
cf57ab38-32f9-4153-b151-54980ee4d036,Jessica Hudson,Dog,3,6.806909739602398,Sick,True,2023-09-14
e92db1c4-2a0a-4e8c-8e82-b74edefd34da,Daniel Norton,Bird,6,3.347245106857112,Sick,True,
3026618b-cdda-4e15-ad37-c6e387aaab40,Brittany Osborn,Cat,13,8.157160122324974,Healthy,True,
4558c7fa-71f5-48c1-b9c9-429e5824e240,Katherine Lawson,Cat,1,17.806392061736233,Sick,True,2023-10-14
b97e3b3c-3329-4b86-b384-381703aaaae8,Kimberly Cunningham,Dog,8,21.889889113495638,Healthy,False,
7da4b7fe-0e44-4147-8e06-45810ed6d244,Kenneth Fuentes,Cat,5,21.52055270301564,Healthy,True,
6000ed76-efc5-4a17-9bd7-d39fa1c0a5a6,Bradley James,Dog,14,29.947457044479453,Sick,False,
1d02dcdd-9c73-45a6-84ed-3da62f9b0217,Linda Joyce,Dog,10,20.879354003261728,Healthy,True,
75946827-8367-4b7f-881b-5c6312086d41,Randy Strickland,Cat,7,13.009481510356295,Healthy,True,2023-07-06
596e14f1-5ec9-45c4-8161-c5d9e973ef32,Cory Gonzalez,Bird,12,10.266730457813184,Sick,False,2023-04-23
3c6e2d91-c2ae-41e7-aca0-cf5f15b35fd8,Nicholas Burke,Cat,6,28.04616162012717,Healthy,False,
a383ebf8-b851-4bb2-93d4-03d8b9430353,Brandon Mcclure,Bird,12,8.0561169468841,Sick,False,
bfbde7b6-9bfc-4f01-a939-b2352142f3ad,Ashley Davis,Cat,11,24.27097452534668,Healthy,False,
7d3cead0-d150-484a-aeee-e6b50d90b199,Patrick Delgado,Cat,6,23.932002804447823,Healthy,True,
b3d01119-9f3a-41d1-805a-01ef4375abeb,Erica Schultz,Dog,13,5.086030825341813,Sick,False,2024-01-07
a4e24f28-e046-4301-82c1-7895715cdf2e,Caroline Anderson,Dog,11,21.43345082514536,Healthy,True,
6baf70be-19ef-4d51-95d8-4aa78b099671,Mitchell Mueller,Dog,14,11.956546213857688,Sick,True,2023-11-08
c1612a59-3da0-445d-9c55-38e0553b90bc,Anthony Williams,Bird,4,5.681063525465773,Healthy,False,2023-09-22
81cf285e-0434-4d7b-8752-c34f30d8a93d,Billy Mendoza,Dog,4,2.269259890949296,Sick,False,2023-02-17
58a76f21-b1a3-4c24-b4d5-849afdec86bb,Ryan Romero,Cat,1,8.90720702457309,Sick,False,2023-12-09
f136afe5-df49-4dcf-97a2-706a1229a5ac,Christopher Cochran,Cat,8,18.204040469636542,Sick,True,
d8abe45b-bc21-4de7-8145-e1b1d0614434,Kevin Franklin,Cat,6,24.73897192299803,Sick,True,
062ab767-6361-4bd3-92ef-724a14484b57,Kristen Myers,Cat,12,3.5110159989311285,Healthy,True,2023-10-30
761fa211-9864-49cd-93ec-f2273d6f872f,Catherine Douglas,Bird,7,13.68321760275785,Healthy,False,2023-11-22
b090473a-f304-4040-90be-b63faf70151e,Kelly Webster,Cat,7,18.838056499355133,Sick,False,
b2439295-aabf-44e8-a60d-f654512f715f,Benjamin Campbell,Cat,13,21.357486670282707,Sick,False,
f5c81f8f-4d4d-424c-baa9-0ff0e8b1b397,Elaine Bryant,Cat,8,19.813926981445093,Sick,True,
ae710784-7ff2-45b3-8167-a9a7b8a205c7,Logan Mcpherson,Cat,11,26.857163169872177,Healthy,True,
e1f11373-833d-4a39-b790-41c69ff4b455,Jessica Tucker,Cat,1,5.750003555260663,Healthy,False,2024-01-04
e7f0d936-c2af-4bd3-9fa1-943a98427381,Hannah Hanson,Cat,5,12.110219930749135,Sick,True,2023-10-20
8ee263d4-d003-42e4-9293-e069d0e6a705,Erin Wallace,Bird,7,11.477452551540845,Healthy,True,2023-04-13
d6ffb41d-c59e-4a08-801e-315481e51867,Miss Rachel Watson,Cat,3,25.010474357412953,Sick,False,2023-04-02
90d70c24-023e-48a8-8631-0638a72c7faf,Andre Nichols,Cat,14,11.839197797080907,Healthy,True,2023-04-26
7a604df7-733a-4b12-9bd8-da200a266dd2,Alicia Henderson,Cat,13,6.785871027404435,Sick,True,2023-09-04
81f06537-47d8-4977-a24b-c0cdaccf5e90,Matthew Lewis,Dog,7,13.29251836711201,Healthy,True,2023-10-05
7b950ea8-086c-4600-bfdc-91dc905aadfd,Michelle Rivera,Bird,8,14.533296405929915,Sick,False,
798e939d-b82c-485d-8a9a-0a18ace5eb08,Timothy Petty,Cat,2,25.98943022891853,Healthy,True,
a90bebfa-23c5-483f-82b2-d1fbd74f7e9a,Sydney Cox,Dog,5,16.435547003309694,Healthy,False,
265d4c0b-f4ef-4c15-abfb-a931d3fa8ff3,Kayla Adkins,Cat,13,7.75990795919088,Healthy,False,2023-10-14
bf53e2ca-a4dd-48d1-b230-da33308dc0fd,Amanda David,Dog,7,3.2206382015393733,Sick,False,
2fc71732-9e7f-47ae-8f35-0592babdb36e,Bruce Meyer,Bird,12,29.271232270751796,Sick,False,
b2a82786-7c00-4485-856b-7dea5125a043,Dr. Paige Cunningham,Cat,4,15.026613648552182,Healthy,False,
26dc2c4c-1577-401d-8413-2721801dfaac,Jacob Mcfarland,Bird,3,8.233042269817386,Sick,True,
d58d502d-b358-400d-b7c0-df50132c5d69,Jason Herman,Dog,15,18.887255619739694,Healthy,False,2023-09-28
0dec91a8-885e-4091-91e4-88da48aa91f5,Ricardo Lopez,Bird,5,22.008366205962503,Sick,False,
28f6f41b-4b24-4479-b6f1-a00e54805e26,Nicole Smith,Bird,7,12.4848078079861,Healthy,True,
7544b54a-09b7-4bea-b320-c3fad88c4f0c,Annette Hamilton,Cat,1,2.7039639032361897,Healthy,False,2023-10-04
5bfdcf37-4e22-41ab-a399-c3c35e3533ae,Jeffrey Hughes,Cat,14,12.65092173363697,Sick,True,
61778e23-86e4-4d6a-b4fa-a9e1e9d319c2,Michael Edwards,Dog,11,25.306097660756354,Healthy,True,2023-12-23
dbbcacb5-973e-46de-8ae0-9318cf535e12,Debra Cruz,Bird,15,3.3588777043373392,Sick,True,
e62e618e-a357-41d1-bfb0-26fc7406ed86,Molly Anderson,Cat,7,3.453015335486497,Healthy,False,2023-12-05
3b33674c-c052-4fdb-9905-3478b58e09f6,Leslie Anderson,Bird,10,23.5251626264001,Sick,True,
02df82cb-ba38-4a40-b2ab-e8f484e8da88,Dr. Bryan Reyes,Cat,10,6.184104535632804,Sick,True,
54173642-ace9-4faa-9b66-53ed41bb952e,Carol Rodriguez,Cat,11,4.4527703509984535,Healthy,True,2023-02-14
4fcfc53b-88f5-465a-89d5-be2a7d7dbe53,Brittney Pena,Cat,7,8.11211985620665,Sick,False,2024-01-11
4aab1e6d-7d9b-49c3-abe4-5f60815cba04,Toni Snow,Cat,5,27.808511979123054,Sick,False,
a00c4df4-53c9-45ca-98db-627a600d01dc,Ashley Adams,Cat,7,13.168033141254117,Sick,True,
6f11c95c-55af-4b21-b467-5acb4b08d5af,Penny Stevenson,Bird,12,10.364241134642121,Sick,True,
b1bb9c5b-f9d7-4045-a37e-653a15a2875e,Thomas Nguyen,Cat,15,18.414345724795563,Healthy,False,2023-03-12
76ee1b6c-9a53-48a9-9b42-5f9704f20249,Patrick Oliver,Dog,12,22.36307866006164,Sick,False,
84660444-1015-46c8-b19c-76fe80d1ac71,Kylie Perez,Cat,12,2.5535837284841634,Healthy,False,2023-09-06
e4599119-3cf0-4e83-8214-8abd11cda515,Maria Hanson,Dog,1,15.18948819033429,Sick,False,2023-03-19
0dbb5a80-1c1a-4fd4-aea3-607af43920e6,Laura Ellis,Bird,12,2.2791425827312253,Sick,False,
88f6f93c-1f7d-4c77-8990-e7da243324bb,Emily Rush,Dog,12,22.695326773951624,Sick,False,
7aa50db9-0765-479a-bc14-4eda8585c2ed,Stacy Williams DVM,Bird,10,5.814778931570121,Healthy,False,2023-01-26
2bc7c841-3395-4cff-8f9c-9deb07b3d47a,Courtney Ho,Cat,8,13.714621983398313,Sick,True,2023-12-31
805ed050-f21f-4419-b134-3016b47fca9e,Christopher Moore,Bird,9,25.675839256755577,Sick,True,
bd26abb3-a9d4-4b68-a7b2-54b91dfca085,Brandy Mullins,Dog,3,16.313272621291993,Sick,True,
9ce0946d-de61-48f0-984c-f85a980284ce,Cynthia Williams,Cat,11,11.472472611821926,Sick,True,2023-02-04
4658b54e-cdb1-46ad-9908-093fbd581521,Lisa Wilson,Dog,15,14.809886251637518,Healthy,False,
e7df221b-667e-4225-a718-5417364a2cb3,Laurie Jackson,Cat,4,3.1524683403389036,Healthy,True,2023-09-30
33ceb373-76c2-4b04-9b7f-c9f4b7a74e9c,Rachel Jackson,Cat,5,5.741805412072339,Healthy,True,
5d822e02-a0c5-4577-b83f-710ca0813ce8,Daniel Williams,Cat,10,21.57218572774285,Healthy,True,
b39d91b2-2c63-4bd5-9f7c-9cb0035a540c,Jackson Wiggins,Dog,13,4.201265092575134,Healthy,False,2023-05-04
d1db285c-4274-4ec8-afbf-1fbcac991f57,Craig Meyer,Cat,8,28.121131414628568,Healthy,False,2023-11-03
fb3b88dc-9127-4405-8400-fca613af425a,Dakota Shaw,Cat,2,15.063502923558957,Sick,False,
b2fce7da-82ea-4aeb-a6f8-7fbc74c18fb5,Ann Taylor DDS,Dog,4,23.37281513414129,Healthy,False,
661a4ca0-8774-4369-85da-f621cfc13519,Michael Galvan,Dog,8,27.658081892954304,Healthy,False,2023-12-07
5e726df0-405d-4f50-b05a-9bd87c26f391,Breanna Davis,Bird,14,27.86860131594278,Healthy,False,2023-01-28
13896ed9-fd06-4e15-8b05-ed4e19de77e9,Alicia Lopez,Dog,4,22.497159546140413,Sick,False,
4da8fb32-0d58-435e-9e82-15c00f9933a1,Michele Miller MD,Bird,11,26.184878170979133,Sick,True,
ee834c81-30ac-4d0f-babc-9985718975f0,Anthony Williams,Dog,7,7.985218343788523,Healthy,True,2023-01-30
c5ae85b3-3b5d-4656-8e32-80a1d8545376,Mary Carter,Bird,4,15.793480311686512,Sick,True,2023-03-03
8f684fdd-44a3-4708-9bba-0328559c2238,Jeffrey Mcgrath,Dog,5,23.8260239690395,Sick,False,2023-05-26
15b387de-6c59-4972-9dfa-3c83248292c2,Jason Black,Cat,12,24.51882786714907,Healthy,False,
5c36cbf8-4ef3-4cc3-83f6-fecc34731d15,Sharon Jennings,Cat,3,2.141190636703173,Healthy,False,
c300ca60-00e8-4df8-be15-9efafafaabde,Mary Ray,Bird,8,25.390374032044647,Sick,False,
125e9198-60e7-4e6d-aa3a-c97d04107f05,Jamie Swanson,Bird,2,25.03472560630484,Sick,True,2023-08-28
54e997c5-b534-407e-883c-97195321302a,Jeff Jones,Bird,9,14.582190432460699,Healthy,False,
44382eef-344c-4864-9ba9-5e8965975e32,Emily Lynch,Dog,13,12.977414833996658,Healthy,False,2023-12-06
38586de8-eccc-44f7-b1ee-894bccd6b08b,Jared Rubio,Bird,6,11.381867997034805,Sick,True,
ad026b88-c179-4bf1-9d58-bde0fdbca523,Carla Montgomery,Cat,14,7.905398554787581,Sick,False,2023-03-05
a1ab00a0-0d6a-4d7d-b4da-76b93e305c23,Gregory Howard,Bird,7,11.73801134742598,Healthy,True,2023-08-15
b67db2ff-b27d-419b-a233-8fe78c725438,Scott Atkinson,Bird,10,13.107077143418158,Healthy,True,2023-03-13
4b97277f-957e-4027-888e-88591c0a1263,David Mendez,Dog,7,27.449880013921675,Healthy,False,
ec69ee9e-1bb3-4369-8c5c-69b84c0d4d3d,Mr. Craig Ferguson,Dog,11,17.802554045906103,Sick,True,
eb48aa6e-9c47-4c7d-8d5b-c82baf656015,Pamela Moore,Cat,10,27.609977040073183,Healthy,True,
37f49084-323b-41fd-9462-52f42706d78c,Lauren Cain,Dog,11,7.2595977978078565,Healthy,True,2023-12-25
e3070ea2-42a0-4e16-8c10-5814022540c4,Whitney Thomas,Cat,8,23.656455980508255,Sick,True,2023-11-02
986c5a5d-f3ba-4461-9c21-722363ad7cfb,Nicholas Bruce,Bird,9,20.753625677252046,Healthy,False,2023-11-07
1eea84bd-7ade-4552-a55e-127925067cc8,Amy Williams,Cat,13,22.19171269923699,Sick,True,
8acf5d19-7890-485d-8b01-5bdc2ad10320,Elijah Manning,Bird,1,17.65329435187651,Sick,True,2024-01-12
775fc7a0-1d45-4c61-8fd9-5188ad24cbad,Michael Martin,Bird,14,23.7176693868825,Sick,False,2023-11-12
173114c5-0b98-4e4e-80bb-4fdfcd14306a,Grant Hall,Dog,12,21.104534536657237,Healthy,True,
3c8c4a09-fbaf-4767-98d3-8203d6b344ca,Ryan Mckinney,Dog,7,4.978915750905624,Sick,False,2023-09-07
d277fcd0-9758-4f91-a365-0d21811357fb,Timothy Silva,Bird,10,6.084519776756944,Healthy,False,2023-12-09
6b9b47d0-6284-4c01-8f1a-8f61f0d2903b,Jason Espinoza,Dog,10,7.601787775097742,Healthy,True,2023-07-19
6d77a476-d43b-4443-9a47-d67289632d0e,Brian Castaneda,Dog,11,27.815375479244235,Healthy,True,
cd994f48-ef79-4848-9037-34081a8fe5eb,James Merritt,Bird,5,4.17878369018991,Healthy,True,
a03bbf59-307f-47fd-bf44-cb394dbb2b97,Amanda Perez,Dog,12,23.405992115195666,Healthy,False,
7e2e4623-0ac1-4ba2-98a5-085ca21c771d,Melissa Vargas,Dog,1,1.9782706845492144,Healthy,False,2023-05-22
85793515-17e4-4577-8256-0131473ffa0f,Mr. Joe Savage DVM,Cat,6,21.65940368851226,Sick,True,2023-10-16
23b56b7f-6713-4db2-a3cf-cf6b99cfff3c,Janice Hughes,Cat,1,24.974596440149554,Healthy,False,
1831aeb6-2447-476f-a8be-3d7853a76cf2,Steve Cunningham,Bird,7,4.803394126842784,Healthy,True,2023-11-28
36b4af52-5e5f-4278-9a65-dfde6ff49bcf,Tracy Joyce,Dog,4,20.170779588466615,Healthy,False,
eeb89bda-4196-4f8b-b502-d4f6b2825cdc,Michelle Palmer,Cat,13,27.346113152687433,Healthy,True,
a6994ef1-0b71-4573-a011-91be929f6839,Louis Dunn,Bird,14,6.4008406973730905,Sick,False,
aa7a327b-3a76-40bf-b9a4-ef5cd33c2405,Peter Juarez,Dog,6,28.72718250800604,Sick,True,
fc5ac67e-cde2-4eb3-a61b-c17e3791f152,Stephanie Ibarra,Dog,10,21.425905187375214,Healthy,True,
68926b33-b9ec-46a4-968c-2f27dc63db9f,Jesus Franklin,Cat,11,4.683303967634437,Healthy,False,2023-10-10
5860ab71-3cab-4270-a537-59cb7268fb8c,Rachel Nguyen,Cat,5,12.141015925739342,Sick,False,
7c0565f4-60d6-4c32-8e18-4140cad64648,Eric Perez,Cat,9,12.12427848505408,Healthy,False,
a27234f3-6964-49a2-904b-fd258b6f755a,Karen Baker,Cat,14,23.362346015839538,Sick,True,
ecf5b50e-9225-45dd-b792-4cdea7f9d1d2,Robert Mendoza,Dog,11,6.851072014536539,Sick,False,2023-05-27
805d21d3-acd3-4be2-a2d6-2bc95c2d6d53,Robert Carr,Cat,7,4.559073906519407,Healthy,True,
adfc8914-5c45-4919-9982-57e2a39ec442,Frank Andrews,Dog,5,11.019011603249442,Sick,True,
1cf9f7cc-5145-4d57-a933-69607eb44855,Edward Allen,Cat,11,14.756251237242392,Healthy,True,
ee4064a7-9212-406b-a3f0-403a1078b02f,Gary Harris,Dog,11,19.96586984816187,Healthy,False,
2ad4b87d-178a-418a-b332-1c1696cd6c43,Wanda Thomas,Bird,14,27.868589875932564,Sick,False,2023-11-03
d61e79f2-6511-47fd-a84b-64e7db0afaad,Kelly Greene,Bird,11,18.396815931926362,Healthy,False,2023-07-12
e216c8a6-6a38-4515-a769-6f593fe253cb,James Ponce,Bird,8,24.619649668530794,Sick,False,2024-01-20
bea1328d-9d4e-44c5-ad11-139e41b5539d,Eric Lawson,Cat,2,7.894163629934819,Healthy,False,
0baf31dd-a7b5-49b2-ae32-e39d323226a0,Brandon Nguyen,Dog,7,4.164803086789213,Sick,False,
4b602b87-9e7e-4a0d-94e9-3249597f13ca,Danny Garcia DVM,Bird,10,24.836540143636068,Sick,True,
363e2954-b167-4be2-b3d7-02a62ce0f763,Gregory Graham,Bird,13,13.54538582571726,Sick,False,
cd3ec4b2-2fb1-477b-a358-dc1687503029,Melissa Scott,Bird,10,9.671751643085212,Healthy,False,
f210cbd0-b773-4a2f-b0ef-9d283738e82b,Daniel Torres,Bird,9,23.412256361452314,Sick,True,
528a052d-e165-4249-bff7-dfdaf4ce928f,Stephanie Hardy,Bird,9,24.935931356405806,Healthy,False,2023-05-28
71df9689-450b-49b9-a30c-449799353907,Melissa Mcguire,Cat,5,3.5112742222663624,Healthy,True,2023-11-27
7bff9b3c-e3b7-4103-90ab-3ef8edbd9ec4,Kevin Floyd,Cat,1,8.805028145635749,Sick,False,2023-07-15
b5c4397c-7040-4a1d-8a46-4c2f4af3ae49,Mr. Jesse White,Bird,7,20.408148518269446,Healthy,False,2023-10-25
cab364d3-7c2a-476a-8a55-7c8cae39ae07,Kimberly Ware,Bird,14,18.891127534177368,Sick,True,2023-10-03
be51b52b-df9c-47ab-8553-ba28b6a4d2ce,Tyrone Curry,Cat,15,29.79678884382208,Healthy,False,2023-10-06
c40efd9e-d2b4-47da-a932-38a62e04e8f8,Joseph Guerra,Dog,2,4.163027022037047,Healthy,True,
3a1b1467-5e54-4bf5-8b32-e2c23e9151b9,Frances Potts,Cat,2,14.651799685864585,Sick,True,
835d1fe4-810c-4df1-8dd2-5321aa4f5cab,Katherine Sullivan,Cat,14,28.063278762979436,Sick,True,
f4fc60e8-1d56-4fad-8e29-3799d6dc816e,Rebecca Graves DDS,Bird,1,26.146730896936244,Healthy,False,2023-08-05
981641dd-2b01-4df6-85b5-3ef09ec8b02f,Phillip Hunt,Bird,13,25.120268070643874,Sick,True,2023-11-01
fd28a348-57c6-4ae8-ae6d-a362b151e422,Karen Osborn,Dog,5,28.45448353628015,Healthy,False,2024-01-20
1f6cdc78-3b48-41b6-8eec-1490d7751f7d,Emily Lambert,Cat,8,13.766811852461366,Healthy,True,2023-05-18
43b5d551-ba10-42ca-8087-28ee0ee18c81,Sara Moreno,Bird,2,3.28322645127836,Healthy,False,2023-10-13
31ee7dd2-497e-469f-8791-f7baa0ce1779,John Willis Jr.,Dog,1,1.1456465184146147,Sick,True,
05e4e5b3-7828-4182-8721-6fd590c3fcc0,Matthew Carey,Cat,6,21.10051047813333,Healthy,True,
fd7312fa-5e08-45fa-bb70-970d101b9cb3,Sharon Hutchinson,Bird,5,22.689471908878573,Sick,False,
95833c6e-73bb-40a0-acf6-330acfc03e5a,Kelly Holder,Dog,15,8.351979322543388,Sick,False,
a819b358-fec1-4e4d-a128-b19b0799994f,Ryan Gonzales,Bird,15,29.002136153130117,Healthy,True,2023-12-07
336181a3-764c-44e3-9efd-c086ca352789,Tracy Williams,Dog,10,25.240893912571966,Sick,False,
79de7a36-23a0-4aa1-b802-e662e7518c44,Kimberly Hendricks,Cat,7,28.598652741007747,Healthy,False,
a98155a9-fa36-4766-9f38-e28f1459fb5d,Gloria Cole,Cat,15,11.399130581102094,Healthy,False,2023-05-21
79bc9d88-02f2-489d-a18a-0c0c578135a1,Sherry Gillespie,Bird,9,19.461104500086126,Sick,True,2024-01-22
50db84a1-3056-4f6d-af15-bdcbb89ba365,Gregory Pineda,Dog,5,27.76056127327185,Healthy,False,
403b8193-6686-4849-ade0-ee1f0a4895a5,Craig Smith,Dog,14,7.271556233226634,Healthy,False,2023-07-17
262ea875-d002-4b76-95d3-6e40d2e96e3e,Kevin Zuniga,Cat,4,3.00186926662553,Healthy,True,
dd8a895c-bb1a-4e37-a949-e32fa04b17bb,Summer Beck,Dog,13,3.815138167953759,Healthy,True,
7d509a62-e0ed-4d31-91dc-3c200dc965e3,Steven Haynes,Cat,11,25.069283643689488,Healthy,False,
40c5a892-25de-4c8c-a6c7-7bd59a08514e,Krista Harris,Cat,12,14.27586342139361,Sick,True,
39f072ee-70fc-4aad-bb89-e4a68be66ca3,Penny Graves,Dog,1,23.891866105617588,Healthy,False,2023-06-02
2509c23c-5c5b-4b32-aa80-40e163564c76,Brian Luna,Dog,11,9.55872811088824,Healthy,False,2023-02-17
480a8f73-0381-44c7-99ea-b2c2fcb4e674,Richard Church,Cat,14,13.019457641480043,Healthy,True,
0c72eb1c-737e-4042-8dcc-548a754bf5cd,Matthew Campbell,Cat,4,6.534971415027195,Sick,False,
3d769293-e5f2-4670-9cb0-0ad4bda8a1c8,Stephen Greene,Cat,3,23.260083008766422,Sick,False,
ab4a8c37-90ce-448d-86e2-3ddfe499a07a,Juan Harrell,Cat,12,21.67042750823447,Sick,False,
784139be-0fe8-43e4-b4a3-0fd36cd0892a,Christopher Petersen,Bird,3,13.718171105952694,Healthy,False,2023-04-11
70283e85-6fa4-44b7-aaae-5dde08145905,Tracy Gardner,Bird,15,1.8115808299151737,Sick,True,2023-02-19
93e221e7-4199-409c-82b4-607d53466520,Travis Miller,Cat,3,24.47851388088118,Sick,True,
b91e5bd3-910c-44e6-8ca2-2fc517326023,Miguel Blanchard,Cat,10,28.586745722264887,Healthy,True,2023-08-22
6dde983e-5e06-420b-aed0-9e6c2b22b744,Misty Palmer,Bird,11,21.742339123714316,Sick,False,2023-01-27
3566ba8f-5606-48d9-b1da-199b1a95ced3,Lindsey Payne,Cat,5,26.18206283896242,Healthy,True,2024-01-11
8f77ad66-2899-42e5-a216-85c74a4c3a24,Jessica Castillo,Dog,5,29.73865696925812,Sick,True,2023-03-18
49a410ed-a7aa-4fce-adc6-1f2943b887b7,Jacob Phelps,Bird,5,28.494856900902292,Sick,False,2023-11-19
c92fbf99-b47d-466a-8d1a-615b70692028,Adam Fitzgerald,Bird,13,1.760967255641638,Sick,True,
591fa7b6-7c50-45db-b977-5068a910565a,Kevin Mullins,Bird,3,3.560728933919505,Sick,False,2023-09-03
aa99e420-aaaa-41b6-90ae-d76c8b9abf49,Ashley Rice,Cat,10,25.27972193576486,Sick,True,
bf9aba03-51cf-468d-98e8-ee9210c83328,Brenda Bishop,Cat,5,25.884350277605105,Healthy,False,2023-05-03
10c7f600-9874-4824-93cb-a0e69dfd8461,Jennifer Johnson,Bird,6,20.901719369061915,Healthy,True,
3b4b136a-8864-4034-a3e4-b064dc2977f0,Crystal Burns,Dog,3,13.981265231739519,Healthy,True,2023-03-06
a257ed29-e069-4810-b90e-6fc1689387f7,Leslie Kirk,Dog,7,8.295171925802922,Healthy,True,
893a538c-ecb9-435c-b714-66293e25c02a,Caroline Gray,Dog,10,8.589839951942656,Healthy,True,
c0e75978-96cb-4d96-98a2-586d4ea338e1,Dr. Teresa Peterson,Dog,1,13.974000202789371,Healthy,False,
ca7f1052-1bde-45b6-851a-82be8a0e6430,Amber Allen,Dog,9,17.79050562532237,Sick,True,
880fc26d-a6d0-428e-a488-08b0f3bc2f3a,Sarah Shea,Cat,11,19.447794367683784,Sick,True,
900ef9a6-bb7a-462a-bd3d-3e3945dc8db8,Travis Esparza,Cat,2,24.081162591427518,Sick,False,
c98ad72a-0e2e-4f09-b0ea-fe06bce2c227,Tammy Clark PhD,Cat,6,11.313599697736855,Healthy,False,
9f1761f6-bb8e-4022-b6d8-dba2ddcc4642,Joseph Hall,Cat,12,17.318375297748112,Sick,True,
c834fea8-b181-4a21-9344-3a9f19548b1c,Dean Wallace,Dog,14,2.3068231532516243,Healthy,False,2023-11-06
327ee2dd-4c81-4ad1-b01c-e58f3141169b,Vanessa Bryant,Cat,4,10.424885173003839,Sick,True,2023-02-23
ec015d70-e6fe-42dd-a324-cd7faff34288,Scott Phillips,Bird,2,24.647854225228077,Healthy,False,
57f2a0a9-720c-4151-89fc-05b9e3c2315f,Gregory Lopez,Cat,4,24.696106612125774,Healthy,True,
1d58bc60-452e-4c40-a7be-ae661e5a0e94,Diana Ruiz,Dog,13,20.07522470812538,Healthy,False,2023-05-02
379cfab1-e6ce-402b-9c46-4df04ebbc982,Kenneth Curtis,Bird,10,26.620467599759234,Sick,True,
5b15f992-372b-49b7-9f42-ac640982561b,Janice Torres,Cat,7,22.77773753472454,Sick,True,2023-01-31
7d4a3c3d-a693-45d6-986d-e06a8b8bbdfc,Robert Lopez,Cat,4,10.367350302727864,Healthy,False,
0809d943-581e-4cb0-9bb3-7b141fa399ed,Jeffrey Ellis,Cat,3,26.989918104278235,Sick,True,
c6dc5a71-de97-43df-9618-01e640cea0f2,Daniel Hoffman,Dog,13,3.480152985828012,Healthy,False,
5984cc3d-c8df-4619-a015-459a4e92a6df,Patricia Pierce,Bird,8,23.89841642529252,Healthy,True,2024-01-08
a2a77b8a-a10f-48a5-9562-72c04705a9e8,Michael Kirk,Dog,8,3.281346401385356,Healthy,True,
c983aa53-fcf8-49df-9840-a4f6c0a582c3,Mr. Christopher Shaw,Bird,2,9.960042955722342,Sick,False,
256bf200-338e-4d9f-b6d2-b7ddb88666fb,John Marshall,Dog,3,17.43977556357104,Healthy,False,
deb67dfd-10b3-4cf2-a3b4-52834731103d,William Lee Jr.,Dog,7,6.334808370439837,Sick,False,2023-11-30
2e13d7fe-b0a1-4dc8-b470-3cdc9f90eb2a,Dana Gonzalez,Cat,5,27.08199984116133,Sick,False,
2f87aaeb-461c-4745-8703-104b727293eb,Chad Salazar,Dog,15,14.08473035364368,Sick,True,2023-02-06
76678956-55a2-4e8c-8dcf-f52f19a7bd9b,Shelby House,Bird,10,24.68822186121285,Sick,True,
a80ff0b8-9f62-41bd-949e-c50fd843d9ae,Jonathan Burns,Bird,3,22.192208611594147,Sick,False,2023-10-13
ad6dd250-3f72-4aa2-b3f6-af61132a049a,Rebecca Jones,Cat,2,6.86887027402928,Healthy,True,2023-03-17
6ab5981c-9329-4098-93d5-6da43b0e8113,Jessica Suarez,Dog,14,21.341854370665157,Healthy,False,
b04d2e79-2584-454a-9f3f-1933e5cd6c18,Lori Horton,Dog,12,21.97807609870769,Sick,True,
fb83efd9-8912-464d-9af1-7ebba6e5d992,Ian Martin,Bird,7,21.782212538916756,Healthy,False,
8a6e4358-061b-419f-a5cc-d25d95ae2f30,Kelly Richardson,Bird,4,16.269161459721076,Healthy,True,
c7806536-6c0d-4fe9-a745-a0d0b35720db,Ronnie Flynn,Bird,11,29.761968352292893,Sick,False,2023-09-10
f4174723-3e60-46ef-8619-fe6d4ac99390,Jeffrey Allen,Cat,13,17.34357746956711,Healthy,False,
90421883-45d4-42c3-afd8-70e65136b81f,Danny Curry,Dog,15,15.016806226933907,Healthy,False,2023-09-28
0538104b-3d37-4723-a37b-6959c3aeabf3,Alexa Wilson,Bird,2,9.55927193540885,Sick,False,
674c78f4-450b-4002-9336-e8f9d90b76cb,Joshua Munoz,Cat,13,8.579568830856292,Sick,True,
c411d009-8520-466e-8a33-81d0d9dfa7d9,Jonathan Jenkins,Bird,7,20.457605073794106,Sick,True,
cdd81f9d-db44-4145-9571-06cc5d13c728,Andrea Vang,Cat,4,7.094969100024996,Healthy,True,
56fe85f0-2e32-4091-9b71-285b9171d21a,Christopher Turner,Bird,10,19.220679775654474,Healthy,True,2023-07-19
ad61bc49-2eb9-4211-8338-f84787e1c9e0,Joshua Pham,Bird,14,17.405935056543324,Sick,True,2023-03-15
9576d32c-329c-4be0-9e2e-f6dd8a7a557a,Stephen Russell,Bird,6,19.557242191994796,Healthy,True,2023-10-22
f699b155-9ade-412a-b0c7-ebacc43ffa29,Derek Clark,Cat,9,9.728028260099943,Sick,True,2023-03-15
24d32105-c7b8-4daa-acef-574a3ef1dc79,Amanda Acosta,Bird,1,21.690769764384807,Healthy,True,2023-03-31
9d25f9a0-0e07-479b-b80e-de7ee23a2c5b,Wendy Walters,Dog,9,27.043499418502993,Sick,True,
51c46cd5-2493-43b2-9993-d7b8a9f77dfe,Janice Gibson,Bird,2,26.437499336866132,Sick,False,2023-09-11
f97dcdae-32d4-409a-b978-32da6511fb61,Hailey Avila,Bird,3,26.219859798809694,Sick,True,
2b0090fa-6802-4a5a-9081-adf08ed0b807,Matthew Allen,Bird,13,12.701940300544125,Healthy,True,
3c4e7aeb-dec4-4451-b6c4-e3c34c260c83,Jon Johnson,Bird,3,11.304011540452963,Sick,True,
babac55d-5cf5-405b-b7b7-3884b450f318,Bryan Williams,Dog,4,13.193566595956948,Sick,False,
65cbf509-c1d9-4797-8091-734dea0f1feb,Dawn Day,Cat,12,8.781726725499906,Healthy,False,2024-01-16
267a3ff1-b879-4555-9132-46ab502c6d03,Isabel Collins,Cat,3,23.871954598054604,Healthy,True,2023-11-21
3d9e29ee-93cb-4e26-bfcc-a13c8548aaf8,Dawn Brown,Bird,12,12.719979163806192,Sick,False,
fb533cbf-98f1-4a30-8c7b-db127b1553a8,Yolanda Collier,Dog,6,20.58875626926389,Sick,True,
54541e4f-db08-4bb7-8f7d-345a3ebab7b8,Lindsey Escobar,Bird,5,11.473979880611992,Healthy,False,
a163af5b-4edc-47f5-a975-2b5284013b05,Jane Randall,Dog,14,13.23398557618198,Sick,True,2023-09-02
b191aef7-93c9-4c1a-81e5-417c420ce028,Samuel Snyder,Cat,7,11.09341900806801,Sick,True,
bf5a9fcd-9b89-4819-a130-ab250acf5e08,Martin Clark,Bird,5,15.306600588173369,Sick,True,
393a2625-9694-4d91-8245-42ba186772fe,Ariana Stokes,Dog,13,12.402615039006982,Sick,True,
ccb859c2-eb46-4169-a9a0-0537a03cfabb,Thomas Flores,Dog,4,23.573857826257335,Healthy,False,
bad6b40f-2536-47ff-b114-fcaffade7e9e,Jessica Green,Bird,7,17.528766545094076,Healthy,True,
3bbdf237-a9b9-4f2d-b417-922833e4a0f9,Miguel Martinez,Bird,3,10.312898170365134,Healthy,False,
e8d570f1-5221-4dc8-8abb-e1c039a34b19,Erin Peterson,Bird,4,4.690712926417177,Healthy,True,
43cec67b-ec96-49dd-bf2b-5cca749c9127,Anthony Bennett,Cat,11,3.682020753177224,Healthy,False,
d492cfbb-fcb7-421a-b52a-387ea5e65b99,Nicholas Bradley,Cat,15,4.024172367372355,Sick,True,2023-11-28
e1472335-8a09-45e5-9ae1-1b7b801922df,Matthew Villanueva,Bird,5,15.727121617433799,Sick,True,2023-08-29
e3db0fe4-42cf-4baf-ad31-ce0b04819d1f,Jonathan Rodriguez,Bird,7,7.101649074453165,Healthy,False,
004e4d93-3252-4d51-983d-f7147ebca0ef,Curtis White,Dog,12,18.16206619872331,Healthy,True,
3298b3ac-5936-45a0-951b-fa4bea7d9998,Theresa Morales,Dog,15,23.44825191051878,Sick,False,
7680bd08-1135-40d8-988f-0be6c079b88b,Patricia Vasquez,Dog,13,15.895923391410417,Healthy,False,
c54251a8-ca18-4593-a33a-5de4f92a00bc,William Rogers,Cat,2,10.798861700662425,Sick,True,
e08f3b06-1b07-4b8a-a6f0-8ff47e4aa0e1,Shari Clarke,Dog,6,2.2851414888266106,Sick,True,2023-03-31
25e72a62-3495-4bf8-941f-d0ed464bae15,Paula Evans,Cat,9,19.695527475578285,Healthy,True,2023-03-24
9f4e7621-5a1e-404b-95f0-919f82c763b8,Amanda Clark,Bird,7,18.572973614230673,Sick,False,
a1e66b1d-28c2-4be3-86cb-980e648cca98,Rodney Marquez,Dog,13,2.925941429707634,Healthy,False,2023-12-08
1d081de5-478b-4b91-a09f-d5a31193b707,Christina Green,Cat,14,13.933625900964422,Sick,False,2023-07-29
3fd36f35-1c2a-427b-a1f2-c78375bbd02c,Whitney Green,Bird,7,29.878279513887836,Healthy,False,
c371d9a2-7c55-453a-95fb-df301824b917,Steven Jackson DDS,Cat,11,2.7572059734861103,Healthy,True,2023-02-01
4fdd4773-e763-405c-a847-ff26a5c7f713,Daryl Miller,Dog,13,16.440817703189268,Healthy,False,2023-04-14
e9f0bdff-9ac9-47c0-8ad9-22506216189f,Jerry Copeland,Cat,3,5.998910821942337,Sick,False,
776f174c-76a6-4507-80af-49c2de3d8435,Miranda Figueroa,Dog,11,15.030500054702713,Healthy,True,
c234c351-f063-47f7-8b97-dde0ed99433f,Michael White,Dog,8,27.143624585410254,Sick,False,2023-11-18
e85e4d64-764e-495c-a0e6-d46628a45bb9,Dylan Russell,Dog,4,20.411254965118314,Healthy,True,
0f239a48-fc41-4d76-90a6-38f3f38b6fe8,Joseph Pratt,Dog,15,19.151691071342952,Healthy,True,2023-10-03
b1da8698-e672-4c28-9e3b-8c8e0c38d0b8,Erik Shaw,Bird,4,17.745023790986224,Healthy,False,2023-05-08
ad65fdfd-5bc4-497a-9429-4f2f629360ae,Jodi Martinez,Dog,3,13.453364851182856,Sick,False,2023-12-23
e99c27e0-addb-4a3e-b7ca-a6877d69a1fb,Christina Ramirez,Dog,7,5.526145943390987,Healthy,True,2023-08-07
0129d9ca-6515-4d4e-84c3-b2a8c999b2f2,Traci Richmond,Cat,1,28.298268311207917,Healthy,False,
44bdeaa2-56f1-40cb-8020-a634124f1fc1,Brian Gillespie,Dog,9,12.294351819533471,Sick,True,2023-06-28
25176b25-719b-40b2-ada4-0e2cd438904d,Brandy Phelps,Dog,9,20.62180475398883,Healthy,False,2023-04-21
987f783a-928a-4d39-bc4c-090029f4891c,Cameron Cole,Dog,7,3.919828692842878,Healthy,True,
893e879e-92e0-4d58-a66e-61ee7a2a9830,Charlotte Sanchez,Bird,6,2.6966509592322523,Sick,True,
c0c485ae-f24d-4f28-834e-80c9d626081c,Alexa Barnes,Bird,6,5.5380624450554565,Healthy,False,
1e48ea59-3bd7-4142-ad34-67a7b12b9c63,Ryan Dominguez,Dog,1,1.4784932869261462,Sick,True,
fad84481-2b06-4a2e-9b9c-1c2a994a1cf9,Brady Buck,Bird,5,14.62336097405167,Sick,False,
3e987b55-cb56-47cb-ae6c-730b27c78f69,Erin Martin,Dog,13,16.882379164898634,Healthy,True,2023-05-04
57e98bba-4cce-4785-bad3-10aafc71c90d,James Yu,Dog,13,20.213960734294517,Sick,True,2023-05-29
c5a54b3c-8391-40e7-ae49-f19a7534056e,Cheryl Morgan,Dog,1,16.136745402863923,Sick,True,
b151b885-060c-4e96-a0e1-354b0ed43347,Maria Williams,Bird,3,29.53599058297769,Healthy,False,2023-02-13
1c590343-8311-474d-9cf7-76f5735d7170,Bryan Thomas,Cat,13,16.17640240704157,Healthy,False,
555b0932-b2af-4102-a64d-3b937dbc1dd6,Ryan Hess,Dog,4,5.752882643189585,Healthy,True,2023-10-03
80f2bee0-2766-40e2-af55-d38410f864ae,Katherine Whitaker,Bird,8,19.231949068392233,Sick,False,2024-01-07
1294f443-bdd6-43ca-818b-92523b24875d,Ronald Lynch,Cat,3,24.717933810109002,Sick,True,2023-06-08
e6593d81-1205-4b56-bf9a-34c98b50f929,Aimee Fuller,Cat,14,29.7054837280295,Healthy,True,2023-09-05
de3ca8f2-e0f3-44ab-b2da-e6b8612bd73a,Ashley Roberts,Dog,6,8.48618138379944,Sick,True,2023-05-27
4fdde649-fe4c-4cd5-bcd4-9a17bf68abc8,Chloe Bishop,Bird,2,1.1790268138653892,Sick,True,2023-09-02
c568fba5-738f-49ba-9f37-02dbf234bdad,Amy Rodriguez,Dog,1,22.689728459351993,Sick,False,
4963613c-fd6f-4a27-a965-04b0b88b8498,Michelle Aguirre,Bird,11,9.875348994064025,Healthy,True,2023-03-07
0fde1248-efd5-402c-b085-e29e2a34ae09,John White,Dog,12,28.428849066220536,Healthy,True,
59e3982f-5536-44ac-91e3-f3db68673d3f,Kevin Moyer,Dog,11,13.232627618738993,Sick,False,
1eae3d39-f7a8-44c7-b5e8-533000282f90,Michael Short,Dog,10,1.672291613016787,Healthy,True,
6b3806b8-905f-4cfb-8838-3e029fce5673,James Barnett,Cat,4,17.46550136843371,Healthy,False,
1bbd2ef1-bc04-489d-bf0b-7aa65173b5ed,Chelsea Lucas,Cat,1,2.3680179625718782,Sick,False,
8580f795-ac96-4ff1-b561-8c829013a9bd,Kevin Brooks,Bird,14,29.382433937993905,Healthy,False,2023-05-27
7b430862-076a-41b8-a6a1-d9637d50edba,Abigail Adams,Dog,13,29.607240214661868,Healthy,True,2023-10-10
73c15521-ba5d-40ec-b074-3e7066214ec9,Jason Bartlett,Bird,14,21.724233054212664,Healthy,True,2023-06-13
ac20b0e6-ccb1-42eb-88fc-5cb2387f52c0,Felicia Lee,Dog,6,8.157863254079922,Healthy,False,
a2337d37-6eee-43a4-84e3-b191707ec332,Julian Sampson,Dog,11,15.394357077303955,Healthy,True,2023-06-15
22b425c5-3ed4-48a5-8973-e99aac277c18,Angela Rice,Dog,14,25.447814864712672,Healthy,True,
f94dccc6-1539-4a9b-b68e-1a51b3959cde,Kimberly Garcia,Dog,5,3.680793070812428,Healthy,False,2023-11-03
c44b0cd7-7c8e-433c-997a-fe48141c26e9,Haley Schultz,Cat,7,26.91095185242185,Healthy,True,2023-01-27
ad612cb0-8c4a-4c50-8188-0735e397f37e,Marvin Lopez Jr.,Cat,2,3.9252223701868987,Sick,True,2023-06-27
e79cb18b-33fd-457e-8007-60a20776ae50,Leslie Adams,Cat,12,21.273304211954,Healthy,False,2023-11-01
c5b13530-8c0e-4e0b-bcff-d11f958ff88c,Joshua Tran,Dog,14,4.336330329383313,Sick,False,2023-08-24
852c9311-92d3-417a-a1cb-c359e20e3d0a,Keith Hughes,Cat,2,26.7738505899659,Healthy,False,
4662528f-7264-4ff5-bbc4-adeb221e026b,Joseph Gamble,Bird,8,14.040536524352236,Healthy,True,
a696a99b-edd1-44e8-9c3d-bb2235dd8f6e,Sherry Wallace,Bird,11,12.889500935621026,Healthy,False,
4a9bb779-fa25-4c11-ba77-65a55656e947,Andre Rice,Dog,6,16.52813409797391,Healthy,True,2024-01-23
5304de6f-e8e2-43f0-af61-4fef8fdb7a17,Lisa Mendoza,Dog,15,11.939635575385875,Healthy,False,
b578d836-e478-4236-9ec9-b0760d13ed19,Dennis Duran,Cat,1,14.766058147016867,Sick,True,2023-08-03
91d5d195-0f79-4aee-9c36-4934c01b7e62,Paula Jones,Bird,6,25.97751742835761,Sick,False,
d35bdebe-b27e-4275-8b96-ee8b18528cdb,Richard Arnold,Cat,13,22.02339710148072,Sick,True,2023-12-22
0b34181b-4655-4304-a4e2-2c392de12666,Michael Rubio,Bird,3,11.586007909792894,Healthy,False,2023-11-21
786bc345-236e-4fcc-9323-2d8165e68a31,Aimee Mitchell,Dog,2,7.487249560879108,Healthy,False,2023-11-30
f3757d10-372b-4ee6-96cc-80d039d53899,Nicole Schroeder,Dog,5,19.439604457009036,Healthy,True,
a83b19b9-27fd-49ea-b7ef-370b262291c4,Andrea Luna,Bird,6,11.717791442160518,Healthy,True,
c0f9745c-d2f1-4cbf-abeb-4c41d4b12ca1,Matthew Maynard,Dog,14,12.756072314862422,Healthy,False,2023-10-08
eeed5b0e-2103-4fa1-9730-5a70c8e57eb0,Yvonne Carpenter,Cat,2,22.359601690535307,Healthy,False,
0ed6a3aa-8b87-43c5-9955-232042f6a9e4,Brett Hoffman,Cat,15,22.75490872683269,Healthy,True,2023-12-16
380d32d8-27dd-4a84-984e-a9d264a36782,Steven Richmond,Cat,12,12.767326666960566,Sick,False,
6ac485e0-04dc-4299-a603-1d60aac06c96,Shawn Scott,Bird,8,16.814470526884698,Sick,True,
7f01fe0c-1e61-420d-b8f0-96573e0e4639,Gregory Larson,Cat,6,16.638807135656297,Healthy,True,
f5e63b11-fa34-427e-bbea-21b7f994f1fd,Laurie Gill,Bird,11,25.110244953828076,Healthy,False,2023-12-18
29113b21-0ee9-4eba-89d1-ac5acf8f1325,Crystal Williams,Bird,4,10.655586564574268,Sick,True,
3a277eec-3b0d-400c-b82a-b3b534226fb1,Kimberly Ferguson,Cat,1,15.032818259538661,Sick,False,2023-03-28
ff3aa54b-4900-434e-9966-023c44456552,Justin Holmes,Cat,3,18.23914568233283,Sick,True,2023-11-11
c2569f06-e948-49d6-94d7-2eed97d02e5d,Yvonne Chavez,Cat,8,16.679314560804823,Healthy,True,
556b8a7b-6719-4988-a2b8-6ed0fd9f8f8b,Matthew Moore,Bird,5,4.671053487179616,Sick,False,
6651cea4-0b43-4c9c-ad59-1b5ecf10b0d9,Jeffery Brown,Bird,2,4.207347702436595,Healthy,True,2023-09-04
145127a4-cbb0-4278-ad31-82e53fbe6490,Jennifer Garner,Bird,12,3.8993561129741487,Sick,False,2023-04-01
6f02cfad-4209-4f20-a961-685ceaab8f47,Benjamin Combs,Bird,15,29.20808074791111,Sick,True,2023-08-13
ae567f53-27d3-477b-9545-3119b3374113,Kelly Harrison,Cat,13,21.240664764270136,Healthy,False,2023-10-16
b5c65124-e897-4815-9a0b-ce5bcb459f6b,Paula Fischer,Bird,4,27.338648907589825,Sick,True,
7938472b-32ad-4159-b6cc-d5fa5032b30f,Robert Rivera,Cat,12,26.585220398428294,Sick,True,2023-02-08
d53b4c08-0662-4e95-ba3a-e898eb9edaac,Susan Cox,Cat,9,1.4028247302697334,Sick,False,
844d03d4-f6d5-4ef1-8e17-fcc6d61c79fa,Brenda Martin,Bird,1,1.613600528006251,Healthy,False,2023-04-13
fa6b467b-79f7-45f6-96da-97f3f70fe103,David Henry,Dog,10,8.683452178127403,Healthy,True,2023-03-30
173380b8-0bb1-43a0-a33a-d0975ee4794f,Crystal Hill,Bird,4,19.566785055494414,Sick,True,
f9d79878-ba94-41d0-a790-a5cdf887f812,Sarah Warren,Cat,9,12.643843824700484,Sick,False,
cda3b43f-4b95-476c-93b1-d9b382057a04,Maria Moore,Dog,13,2.3273124703472123,Healthy,False,
4a868276-b6a7-4009-ad33-1d86c13db260,Mrs. Katelyn Harvey,Bird,11,5.6925337188693526,Sick,False,
b5616f4c-8a37-4f2b-9876-66b94d011c75,Greg Swanson,Bird,9,22.59532339382682,Healthy,True,
b5d6f88d-18a0-4132-bb99-1b61358b1117,Vanessa Griffin,Dog,14,3.5671256167104626,Healthy,False,
b38465f6-e5b8-4901-865d-46a774f9b36b,April Pacheco,Dog,8,4.703371640323183,Healthy,False,
7cfe261e-95fd-4c40-8510-8a11518c3c2d,Eric Ross,Bird,11,1.3531417049157164,Healthy,True,2023-01-25
9e09e91e-d013-421a-822c-06a3a989f819,John Todd,Bird,10,7.139372621048271,Sick,True,
d3225645-fbff-4f90-988b-32f271ab39db,Patricia Schwartz,Bird,8,20.131391658374355,Sick,False,
e3210d49-01e2-4500-b2f0-37f8de6f2bb2,Whitney Rogers,Cat,8,11.087687161704364,Sick,False,
1a02966e-dcf3-4b51-812a-6ee34f6f0453,Manuel Stewart,Dog,3,28.790503817324126,Sick,True,2023-03-30
3189426f-b706-4bf4-8e52-c98dc19a7032,Sarah Garrison,Dog,3,11.042774606923205,Sick,True,2023-06-22
e4e59491-5a65-4207-9219-6a6507c865bb,Dana Houston,Bird,13,21.340324517146403,Sick,True,2023-09-12
2e4bb291-3437-43c8-bf6a-904821bb37dd,Jason Barnett,Cat,5,16.35472258802116,Sick,False,2023-10-11
630fd975-4aef-468a-bc02-94a99b03d651,Joshua Smith,Dog,4,12.438127103524511,Sick,False,2023-09-13
4e5c3f8e-03b2-4a28-ad3e-9c3587f84543,Aaron May,Cat,3,29.773331175438855,Sick,True,2023-10-18
0697a2e0-ed59-438a-b8cf-78f22f01b52f,Benjamin Rogers,Cat,14,23.35639525109608,Sick,False,
3d008bc7-fcb8-465e-8b3d-2165d066a813,Desiree Petersen,Bird,9,24.49087511506661,Sick,False,
83b913ed-1a7a-44d2-8fca-ca5e34ff523e,Ricky Contreras,Bird,4,16.552627537334327,Healthy,False,2023-12-04
3c2b1829-7008-48ea-8dc4-ead00a3e72a4,Sarah Walsh,Cat,8,12.397773590135373,Healthy,True,
c0fdc855-263b-4a07-84fc-f792379edb4e,Adam Rogers,Bird,10,22.991331662791392,Sick,True,
6bde282a-d0f4-4ba5-bd32-2374700f0440,Mary Brown,Bird,1,25.308467040246676,Sick,False,2023-03-17
5c0bb3f2-fa9a-4aff-90df-8797ee9e1582,Sharon Pena,Cat,11,5.121180597951971,Sick,False,
4c6756e3-0e41-4f24-95a1-2454d30ee48f,Jennifer Crawford,Bird,13,22.236449147003608,Healthy,True,2023-12-03
34cc9b02-2d2c-4c88-bd74-ae430b3be1c0,Kevin Wilson,Cat,2,3.1809635185533445,Sick,True,
b347e3eb-67dd-40c5-b31a-112c015bb0b5,Ryan Haynes,Dog,13,27.192890117350785,Sick,True,
57759e49-eecd-4374-afed-ffcaab0c645a,Karen Hunter,Bird,11,16.148437330233733,Healthy,True,2023-11-30
96011b08-a9f5-4c2f-b75a-42cbfd49f91b,Jennifer Morrison,Dog,15,28.115603598897156,Sick,True,
431a6f4f-4582-459d-87ce-add62a6dc5d5,Sharon Johnson,Bird,6,1.5602489627535592,Healthy,True,2023-10-29
54321844-598d-46eb-bd57-5f60edab4144,Brian Ray,Bird,3,16.414546294111297,Sick,True,
427260da-c669-4150-b68f-bcf5f49188c3,Russell Olson,Dog,12,10.332894253086293,Sick,False,
f50c39eb-d373-4fd0-80bd-468cf72b7ab7,Nathan Davis,Bird,13,18.615676018290664,Sick,True,2023-04-11
c533db65-3dac-48bd-bee9-8cf681d168b5,Aaron Petersen,Dog,12,15.546622371388953,Healthy,True,
c9170a0d-af6f-469d-88f4-79ef031fa1ee,David Villegas,Cat,10,4.304565497380212,Healthy,True,
9a879e7b-f2dc-4653-b1c8-14c7d454b1b6,Stacey Coleman,Dog,7,22.08391935139078,Healthy,True,2023-10-13
ffd5824a-e147-48bc-a018-4216ef5fe1c2,Tammy Collier,Cat,1,24.844972992995054,Healthy,True,2023-08-01
f2a8ba19-4c6b-4d1a-b3a4-4dc299b4a419,Amanda Pearson,Dog,12,14.815596538406837,Sick,False,
a965a4ff-f950-47ac-a431-c0e6378e8615,Megan Cannon,Cat,1,11.895374687923853,Sick,True,
99542281-de89-44b1-a841-5535635f1e5b,Andrea Hernandez,Dog,5,8.662776611741526,Sick,False,2023-11-06
927d147f-67d3-41dd-9644-e915b4e90cf1,Teresa Murphy,Bird,2,4.013534486019066,Sick,False,2023-08-08
6662bbeb-e59c-475b-833c-9e9dec91f088,Christopher Williams DVM,Cat,14,4.104703942606839,Sick,True,2023-04-18
e03f07e3-808e-4b5a-ac5c-958f75844d1d,Angela Hernandez,Cat,10,21.31524080339062,Healthy,True,
a9b6769c-1406-4619-8306-eb4c73ec02e2,Michelle Rivera,Dog,5,20.28720707018025,Sick,False,2023-08-26
56736cc4-7079-4c60-a883-6c2445f9cc66,Gerald Keith,Cat,7,19.475590951801994,Sick,False,
37fe074f-0c07-4975-b78e-de735076d273,Ashley Smith,Dog,6,5.558919940330123,Healthy,False,
e87ee5b6-eb2f-418c-8eb5-348449819150,Kevin Moore,Cat,10,16.139191770880675,Sick,False,
970bc8d9-7be8-4727-a56b-78e4d7ac102c,Adam Cooley,Bird,2,28.9047664778269,Healthy,True,2023-03-24
ae318a47-e245-43d1-a6ef-508d6c8d3c96,Deborah Walker,Dog,2,8.36222009743071,Healthy,False,2023-05-11
41380c6e-9ac5-4bb5-b3c3-2a9d40eea52f,Kristin Mack,Dog,15,17.479998239245564,Sick,True,
2b569f17-2be6-4c63-9ed8-08380d0951f5,Jennifer Porter,Cat,4,26.537888704119897,Healthy,True,2023-09-24
49cc603f-ae39-4c4c-9916-9de967e85315,Jennifer Nielsen,Cat,11,1.343604122742477,Healthy,False,
7e1f3446-97bf-404f-b0e4-190f908531fe,Jose Nguyen,Bird,9,15.778086982268514,Healthy,True,
6e8557a8-2854-425d-bc1e-890f26ccde31,April Hayes,Bird,5,17.589660207334187,Healthy,False,2023-06-05
3d4a33ba-b172-465b-92c3-645570d12365,Kevin Reyes,Bird,11,5.709405729278214,Healthy,False,
279e77ba-8ac9-45fc-998c-dc1a27ec177a,David Gibbs,Dog,7,24.90230114050726,Healthy,False,
39b91662-fa32-4aa0-88f2-9743d3ed4a03,Nichole Escobar,Cat,9,26.60809970130919,Sick,True,
970372e0-8f74-4a5c-a073-5d03c2507918,Tina Jackson,Bird,5,10.781316384253405,Sick,True,
ffe26d29-5fa8-4d91-8e2e-586bf717db83,Elizabeth Lane,Dog,11,25.62201706247083,Healthy,True,
80e5f416-6989-49a1-91e8-aa2a39ec6698,Kristen Anderson,Dog,1,26.052933349389757,Sick,False,2023-07-02
d7cb3176-505e-4eac-babc-f4273483953c,William Lewis,Cat,6,14.731257586866349,Sick,True,
737093e0-e3b7-4bd2-aeaa-6fe560daf0a5,Michael Miller,Bird,6,10.99915119508161,Healthy,False,
b7aa82cf-44b1-4f90-96d0-029b589cfa20,Gary Wright,Dog,15,11.023475095130234,Sick,True,2023-11-26
0cacbe49-6f85-4f30-a324-53fdd64d3d39,Michele Gardner,Dog,7,17.478145552936237,Healthy,True,2023-05-21
edbe0acb-30de-41a4-922f-e28eaf024eb4,Crystal Nichols,Cat,6,18.652286224931956,Sick,True,2024-01-15
d048cb4a-afb7-4f31-84db-e7a6b44a6510,Nathan Murray,Bird,1,8.528141231555974,Healthy,True,
d4209962-1b38-47ca-b0c8-d9b6d06e49cf,Timothy Lopez,Cat,9,22.351349624976617,Sick,False,2023-12-10
ee54ed17-2898-45eb-83e8-2d346ade8735,David Martin,Cat,14,28.529568960957437,Healthy,True,
6cf87991-04c5-4cc2-856c-f23cc9597e14,Gregory Hall,Bird,11,13.316281954187373,Healthy,True,
378c9f9a-c684-43d0-9ab0-eb1ace179389,Rachel Bond,Dog,5,11.49863191852143,Sick,True,2023-05-02
2f5daa67-0fa4-43da-a60c-eb7880ded0b9,Angelica Holt,Dog,3,25.832546851647432,Sick,False,2023-09-22
fae00fed-826c-4cd5-bc50-f7ffe932e2e2,Timothy Mason,Bird,4,27.607549508636414,Sick,False,
d1ea75da-114c-419c-9bfe-75e162250cd8,Jeffrey Novak,Bird,15,25.311777174189096,Sick,True,2024-01-18
79afd4bc-cfa9-4208-83a0-8b4c345bfefb,Joseph Mcintosh,Dog,11,13.783698260363122,Sick,True,2023-07-20
2fdef495-65ef-4be4-9772-1cf9ae0bca81,Allison Ho,Bird,11,6.263509239015169,Healthy,True,2023-05-18
ab1dba80-ccc6-42df-bebe-ad6e411b21d3,Taylor Barnett,Cat,4,25.11886288788493,Healthy,True,
50279393-8276-4aa1-97ac-063949cc2778,Laura Lewis,Cat,3,14.397600133414304,Sick,True,2023-03-23
4451c330-8ae4-4ed8-9ebd-ebcc540a53f8,Cynthia Sanders,Dog,9,7.295213256360487,Sick,True,
1dda7f21-aeda-4594-a384-f218a3e15fa6,Anthony Stone,Bird,5,11.859997521938295,Healthy,True,2023-07-20
ca5c94de-9486-4777-be74-d5d288481fd7,Dana Huerta,Dog,6,13.383828392250592,Healthy,False,
5ce75ef4-e38b-45b5-ae48-7bfc27b7048f,Larry Fox,Bird,12,29.803705698536465,Sick,False,
032e0ac0-598c-44e0-8330-0296f2a2b332,Karen Long,Cat,15,16.233204703947877,Sick,False,
199d6796-44c7-4bc0-bfda-35cf06d99245,Lynn Austin,Cat,5,17.14355334599106,Sick,True,2023-02-09
7a0039d5-11e6-42fd-be71-e174e93a776d,Brandon Patel,Cat,12,7.56387839043954,Healthy,True,2023-06-09
4cf70264-10ce-4df5-b675-625f74f2455f,Vincent Buchanan,Cat,7,19.108518138983733,Sick,True,2023-11-26
642be647-6833-4ece-b80f-a5bc039fba49,Shane Williams,Bird,7,10.55494393362438,Sick,True,2023-08-27
9a428597-228c-4bea-9df7-b40c8a3b2b67,Jeffrey Deleon,Bird,13,19.75172806515027,Healthy,True,
c2627257-65e8-4dfd-9eb0-b85f966213b3,Jasmine Davis,Cat,8,27.42548562526657,Sick,True,2023-04-28
dce149b5-8761-48ae-b12b-e7ea5dd32889,Tabitha Sellers,Bird,4,23.70219105496211,Healthy,False,
918fd636-c52f-46f8-9467-ab5147c7509b,Stephanie Baker,Dog,2,23.08654943997872,Healthy,True,
ae340467-b020-4089-b569-4335bbc6598e,Heather Wilkinson,Dog,2,20.142349072953575,Healthy,False,
fdee9ec5-7ba7-4ce7-9482-a8320d28d15c,Summer Myers,Cat,14,26.65712361573038,Sick,True,2023-09-05
6d10d4c4-e3f1-4603-99c0-be8f46303fcc,Matthew Schwartz,Dog,1,21.54181739196025,Sick,False,2023-08-10
0ccb660a-7161-4475-ac2d-0a51606aa365,Jorge Owens,Dog,2,26.435478794425595,Sick,False,
c59265da-e998-4a6c-b582-f126802b9c20,Tanya Wilson,Dog,4,9.19347344532522,Sick,False,
1d972538-dfbb-4668-8eda-dd9543975b80,Jason Morse,Bird,4,26.0352995274233,Healthy,False,2023-02-10
70f7190f-2b89-465c-a58e-dff833578ef4,Anne Jackson,Cat,5,22.738177498262576,Healthy,False,
69442eee-b84e-4592-86e2-c35b25f5cac9,Courtney Davis,Cat,14,5.836543238197369,Sick,False,2023-03-17
5d7e4a3f-305b-490f-931c-517f37e76b4f,Mike Lewis,Dog,9,1.7538751359490372,Sick,True,
63bc12be-5119-4c98-9ecc-0717fae5d468,Denise Martin,Bird,12,11.148654630754205,Sick,False,2023-02-07
6a7ce64d-dfcf-4425-86fc-87b3e21dee2b,Derek Sullivan,Dog,15,12.344292649943837,Healthy,True,
2fc1fd20-a0ef-45d9-a755-c234a0e28b24,Charles Wells,Bird,5,23.453810670343852,Sick,False,
bc3dc2ce-9487-485a-95ed-c86d86988661,Andrew Jones,Dog,12,12.019750188852688,Sick,True,
62e3aebf-6e5f-46c0-9a91-f668952b76e4,Joshua Wells,Dog,7,18.69139587498407,Sick,False,
b2b70388-0ca8-496e-9308-4075bcf6a9db,Michael Frost,Dog,1,12.141338034108447,Sick,False,2023-07-20
82756c54-56da-4cc2-99b9-5e8bceb99d93,Kelly Morrison,Cat,3,5.523885247246967,Sick,True,
3f9dfb5b-bf87-463a-a840-4de3205b914f,Maurice Wilson,Bird,14,19.77293740813214,Sick,False,
168d4016-72c3-4924-b52a-127c1b520e8c,John Walker,Dog,3,21.90300700280951,Healthy,False,2023-01-26
68ef7ca9-4455-44fb-a31a-27b4b1a8d99e,Ronald Morris,Bird,11,23.029368547977555,Healthy,False,2023-04-29
148b8a60-2fbe-49e7-8070-886a484a0081,Timothy Hernandez,Bird,13,15.867605077291547,Sick,False,
4e7b651e-28c9-40c9-834f-60a4029e7ce0,Timothy Scott,Bird,3,7.358900281579264,Healthy,False,
e5f47829-c74c-49fd-b7ca-54729dd78c22,Tiffany Gray,Bird,1,20.689252901282845,Sick,False,
7c04210e-6f43-43b7-b7a0-2085ce60658c,Emma Clark,Bird,12,9.307175534259654,Sick,True,
75d75a50-c2ec-4f6e-81e8-b1ae3ef25a66,Erica Rivera,Dog,6,7.705999656781475,Sick,False,
34d750dc-11dd-43ff-b793-cad16c505e7d,Vanessa Maynard,Bird,3,15.198059428096169,Sick,True,
18e7bd45-15a1-43ce-8391-43bc316b71bc,Richard Hart,Bird,5,21.09069866002617,Healthy,False,2023-03-26
e98bb8ff-7200-4eb2-b5b6-da280a8ea1ae,Laura Adams,Cat,5,28.759483712239536,Healthy,True,
4df3da7b-5b04-49b8-9eb7-dfd71b519576,Richard Baker,Bird,9,24.380151735574152,Sick,True,2023-07-06
5c744624-6e54-4dea-b28b-387edc86d95e,Shannon Rogers,Cat,9,13.529291424912888,Sick,False,2023-04-13
7ecf635d-7424-4d8e-bb01-c3b33b9a6842,Ronald Simmons,Bird,6,20.636005293826315,Healthy,False,2023-02-11
853252be-b124-4adf-847a-8aeedb22c6de,Ryan Martin,Bird,5,25.25276459696761,Healthy,True,2023-06-09
efc9118e-29cc-43a8-9912-37575dd469e1,Kenneth Alexander,Dog,13,6.321312783272218,Sick,False,2023-11-17
53c92ba2-b995-4613-b6a5-42b872161505,Blake Ibarra,Cat,7,17.414191631197557,Healthy,True,2023-02-04
a662886c-d0d2-45f3-adb8-210dd458908e,Haley Miller,Cat,9,11.98403816457931,Sick,True,
c38399ee-6ba8-4823-8f0c-29f130f9f9b4,Morgan Schneider,Dog,12,28.419977520694513,Healthy,True,2023-04-12
cb650d75-bb56-41e5-bebd-55dbcc411721,Jason Thompson,Bird,3,13.700645018760378,Sick,False,
bc892b1c-230c-4d95-8b25-30bdc4150d2f,Debra Robinson,Dog,15,20.70248957493565,Sick,True,
7d140585-0594-4c02-a7f8-30601ff142dc,Jennifer Miller,Bird,13,23.69198539869124,Healthy,False,2023-02-13
65246663-b9f3-48d4-8e5a-3a4c9f2d65c2,Derek Hale,Dog,3,25.630340857597993,Healthy,True,
70b1bb66-2800-4950-b1e6-412ea66b69d8,Joseph Huff,Bird,1,2.287898230538208,Sick,True,
82b412a1-54b8-42cd-b1cb-272ca307099b,Nicole Morgan,Cat,9,20.401793069022496,Sick,True,
77dfe08f-363b-4a07-a746-5b0fbd9b7483,Jessica Garza,Bird,10,3.194405998559025,Sick,True,
55178238-8750-4fb5-b094-cb8017b543c8,Kayla Hernandez,Cat,15,29.515584810943174,Sick,False,
332fc25e-ab33-49b9-b262-563261ba31cd,Kevin Meyer,Dog,5,16.65079052334073,Healthy,False,2024-01-05
c50d5ed2-6ca1-4d17-8c27-4a22bf63b78a,Nathan Gardner,Cat,3,6.450278479887783,Sick,False,2023-09-30
7d088483-0f61-4477-b877-51b7791a966b,Kathryn Anderson,Dog,3,29.953533455060885,Sick,False,
89e5d2be-5888-4838-a2bf-6149f9c3aee1,Douglas Olson,Bird,10,11.670509960330897,Healthy,True,
88113a4b-8579-4d5c-95f1-d1b9dbff896b,Austin Stanley,Cat,4,17.78643020188849,Healthy,True,
2b7f66f6-72d1-495b-b13e-d3b58b951f1f,Amy Young,Dog,7,26.33160807505049,Healthy,False,2023-04-09
91db2108-ee56-44c5-b8c0-54960af44fbd,Frances Garrett,Bird,3,25.47701551266621,Healthy,False,2023-12-12
ab3e7160-de16-447f-8c64-6f5ec8e47d6d,Terrance Wright,Dog,13,21.977609023021078,Sick,True,
0d3ecd4b-d21b-4ba2-872d-b7fd2f84e78c,Rachel Solis,Dog,1,14.334556630567889,Healthy,False,
599e2292-2a2d-417d-9c45-755388846f09,Stacey Banks,Bird,4,16.819771523018773,Healthy,False,2023-02-04
3708b108-a847-4d2d-94de-fd904fba76c9,Sharon Gallegos,Cat,9,16.36382162705861,Sick,False,
b0195e6f-96e3-4e3c-ba31-230c4192a4e5,David Rodriguez II,Dog,14,6.2116597512439595,Healthy,True,
91065114-530c-4947-87ec-804f2669c69f,Timothy Yu,Dog,11,9.164426914818913,Sick,False,
41ec9683-7617-4d49-a7fa-c7eaf86ea6ec,Victoria Molina,Dog,10,17.64481664783592,Healthy,False,2023-04-23
a538b327-41b7-4d56-b112-76e38c523036,Eric Parker,Cat,15,25.950471080893028,Sick,False,2023-07-23
04ecaccd-fff2-431a-a2cd-1abe468fc56c,Rodney Medina,Cat,14,18.163235846901088,Sick,False,2023-08-21
5a1e6e97-bdaf-46d4-a597-70cbfbfed34b,Mr. Richard Horn,Bird,14,12.50924990002034,Healthy,True,
7640ceae-4001-4edb-b853-98be02185eb1,Sara Hampton,Cat,7,26.19302380845968,Sick,True,2023-06-15
bde18215-a169-42c7-9677-608f468ef880,John Young,Cat,6,18.13547969085771,Sick,True,2024-01-02
eeef2c36-da00-412f-bcb3-c4d362094f8c,Ryan Clark,Dog,15,4.477511714461898,Sick,False,2023-09-03
d5f4edb7-9526-4811-aa9c-5596ac6eab0b,Courtney Skinner,Bird,1,1.035723660393288,Healthy,False,2023-11-22
c4e289ee-569c-44f2-8c9a-6d4c190b63c0,Michael Williams Jr.,Cat,15,16.142145733866403,Sick,False,
fb670bba-33f9-45ae-a96a-ba4644c80ce8,Sara Joseph,Bird,3,20.67966176332063,Healthy,True,2023-02-13
752dd177-4088-45c9-b9e8-3702b7f75d35,Gregory Mendoza,Dog,6,8.36894275006232,Sick,True,2023-12-31
1d44dd06-ca26-4c1d-aaba-d382d306ec99,Daniel Cowan,Dog,13,3.0369499494169547,Sick,False,
98e8bc63-1d72-42ae-bd2d-402d7ce277b6,Douglas Hartman,Cat,7,8.516876253729782,Healthy,False,
d6bc8cdb-44b3-4146-a15e-3bfcee1b883c,Carl Gonzalez,Cat,11,3.08207090391795,Sick,True,2023-09-19
2fac3e77-40d9-4772-81a7-226d2703f85e,Timothy Davidson,Cat,12,3.0696343008224267,Healthy,False,2023-04-19
1b6d9fc5-d6d8-4c6f-b18c-692a3aadb11f,Jacob Rice,Bird,10,29.261832780024438,Sick,False,2023-06-02
314945e5-e9f0-47fe-91e8-79b0251c5373,Austin Brown,Cat,1,27.7372213967843,Sick,False,2024-01-20
e86d32f7-45e7-445c-ac89-5eef09f74564,Deborah Wright,Bird,15,17.769777303120662,Sick,True,2023-07-04
f3d9179a-9d86-409a-8317-8bdef434192f,Robin Parker,Bird,5,18.487846098953252,Healthy,False,2023-07-05
0e786210-88c7-44a5-897b-9ec7c77c658c,Rebecca Willis,Bird,3,1.133460629876995,Sick,True,2023-02-19
8191b7e7-5b3b-430c-aa54-bb68a20bcc56,Brianna Burton,Bird,2,22.079718958889202,Healthy,False,
a58fb71e-203c-4a31-a6b4-e96979ffa455,Kirsten Mills,Bird,2,4.979661579534611,Healthy,True,
ca8466d1-eb3b-4ddc-a3c5-8bcc8cd2feb1,Shelley Coleman,Bird,1,26.797491835866047,Healthy,False,
ad5678df-5ffb-426c-9214-a32d23496747,Eric Roberts,Bird,13,17.865316742788245,Sick,False,
294db332-e59f-474a-a0d3-ec8a65145e91,Holly Miranda,Dog,3,9.27174330114621,Healthy,True,
5735827c-1c02-42fb-b10e-5d9363870f09,Jeffrey Gaines,Dog,3,6.1402304784274175,Sick,True,2023-06-21
37d2bd07-d840-4a69-89c3-60b49bea4a9f,Katelyn Harmon,Bird,3,16.002097546751997,Healthy,False,
2080d507-f5ee-4a4d-ac3c-251ae0f68911,Amanda Robinson,Cat,9,27.995603816237534,Healthy,False,2023-10-08
5ce4e3cf-073a-4b4a-bac9-243a91cee015,John Weaver,Cat,13,29.99286317372436,Sick,True,
dad2958c-0f6f-4eea-847f-7a0f3f7ae39d,Christina Rogers,Bird,15,24.146600589578252,Healthy,True,
067d929d-fc95-45d3-ada7-ccd3adf9f29d,Steven Morris,Bird,10,15.8419468181439,Healthy,False,2023-07-30
ad01e935-a63e-4ec8-89a1-d57aee82170f,Jonathan Daniels,Dog,13,27.714330526885878,Healthy,False,
49c225a2-a61c-4a9c-9037-5b531b92d0a2,Gina Hartman,Dog,13,28.214730115691285,Sick,True,2023-08-04
656ec5e5-d5c7-4110-b5f3-ee2f9f52d115,Aaron Soto,Bird,11,5.200018843061414,Sick,True,2024-01-18
ca957728-fcb5-40a4-a67a-fe4ac26dd766,Kiara Jones,Dog,8,22.767934869455445,Healthy,False,2023-11-19
b4b31ce5-48d9-4c60-9c46-cef9b344eea5,Christopher Jones,Cat,12,15.070725996182585,Sick,True,
6e32d1e3-3338-487f-aece-9c9a3fca1bf3,Omar Johnson,Cat,1,16.890975183953742,Healthy,True,2023-10-06
ea75acd9-4fbb-4253-8611-b171d9f7f251,Darryl Sullivan,Cat,13,14.709555204711469,Sick,True,
2168fc74-2826-4f8d-b49d-e2a0a2459688,Tasha Garrett,Dog,2,6.9153474614973724,Healthy,False,2023-06-09
74fa3ca2-5284-4146-8ebf-9a390d91b8a5,Brittany Robbins,Bird,1,1.1427841327150676,Sick,False,2024-01-14
ad068928-88b5-468a-bc79-a94386c8c1bf,Gary Wade,Dog,6,26.752759667602,Healthy,False,
071c5195-dfc3-4916-b4f4-aa3b276197ad,Amber Cook,Bird,8,1.9842769936286184,Healthy,False,2023-08-16
4a67e09c-27fe-4b9a-b111-174bcc68d255,Benjamin Velazquez,Cat,5,24.751361101646037,Sick,False,
b21a68b8-e924-4060-8a5c-0fd44456ab5f,Tommy Paul,Cat,13,17.520521999291223,Sick,True,
e8963daf-6eb1-4c54-9877-3a4bf4e1fbb2,Ryan Parrish,Cat,1,16.982191341145608,Healthy,True,2023-07-08
368d988d-d990-4118-bf73-e0d83bec6eca,Christian Lopez,Bird,4,6.44143291848654,Sick,False,2023-02-24
783cd2a4-e9a5-42b7-8bfc-792f4ff28817,Jennifer Herrera,Dog,9,20.87831246214096,Healthy,True,2023-03-01
7eef9854-e2fd-47e1-b12f-755199b2fa96,Alexis Bell,Dog,15,26.123530150948362,Sick,True,
b88bb19e-206f-4bce-bd48-f6e54fa35358,Sara Ramirez,Bird,6,9.042375123891746,Healthy,False,2023-03-06
c9776a31-6ce0-407b-857e-3cb0728ae0c3,Mrs. Jenna Hess,Cat,10,20.697326026524923,Sick,True,2023-11-06
18afc5a9-1bd5-43fb-a78a-97af9176ccf0,Matthew Jones Jr.,Cat,12,21.980399474400585,Healthy,True,
8b53fb87-8cf3-456a-8978-cef3b50bcfe5,Leah Johnson,Bird,5,19.934888359333762,Healthy,False,2023-08-12
18fbb513-8a9a-4a54-a1da-8eaec68a0191,Candace Rogers,Dog,3,23.12096757108879,Sick,True,
cb78fd75-b96c-4ddf-84a2-b75224ca92bf,Katrina Bruce,Cat,14,20.068637447219555,Sick,True,
1dc71c0e-7caf-4b4d-bb81-c92aba067c24,Megan Franklin,Dog,1,5.238442397732837,Sick,False,2023-05-19
268d4b3e-57cf-4b8b-bec0-f9477ce5da38,Jody Reed,Bird,8,1.2297401256212908,Sick,True,2023-03-27
20d1d3e0-96a3-4769-8640-a077963192a5,David Hall,Bird,6,1.5082183179412854,Sick,True,
c131fdf4-b287-4814-b5fc-b41de2aa0be1,Daniel Smith,Bird,13,7.411069076585617,Sick,False,2023-06-18
